,stores,Company,chipset,time
0,Amazon,Nvidia,rtx-3070,2104
1,Amazon,Nvidia,rtx-3070,288
2,Amazon,Nvidia,rtx-3070,1924
3,Amazon,Nvidia,rtx-3070,216
4,Amazon,Nvidia,rtx-3070,7100
5,Amazon,Nvidia,rtx-3070,5264
6,Amazon,Nvidia,rtx-3070,2440
7,Amazon,Nvidia,rtx-3070,4
8,Amazon,Nvidia,rtx-3070,12448
9,Amazon,Nvidia,rtx-3070,176
10,Amazon,Nvidia,rtx-3070,12
11,Amazon,Nvidia,rtx-3070,272
12,Amazon,Nvidia,rtx-3070,4
13,Amazon,Nvidia,rtx-3070,16
14,Amazon,Nvidia,rtx-3070,8
15,Amazon,Nvidia,rtx-3070,1
16,Amazon,Nvidia,rtx-3070,1
17,Amazon,Nvidia,rtx-3070,16
18,Amazon,Nvidia,rtx-3070,40
19,Amazon,Nvidia,rtx-3070,1188
20,Amazon,Nvidia,rtx-3070,40
21,Amazon,Nvidia,rtx-3070,4
22,Amazon,Nvidia,rtx-3070,548
23,Amazon,Nvidia,rtx-3070,500
24,Amazon,Nvidia,rtx-3070,1
25,Amazon,Nvidia,rtx-3070,88
26,Amazon,Nvidia,rtx-3070,64
27,Amazon,Nvidia,rtx-3070,4
28,Amazon,Nvidia,rtx-3070,580
29,Amazon,Nvidia,rtx-3070,88
30,Amazon,Nvidia,rtx-3070,12
31,Amazon,Nvidia,rtx-3070,1
32,Amazon,Nvidia,rtx-3070,9868
33,Amazon,Nvidia,rtx-3070,40
34,Amazon,Nvidia,rtx-3070,28
35,Amazon,Nvidia,rtx-3070,344
36,Amazon,Nvidia,rtx-3070,1069
37,Amazon,Nvidia,rtx-3070,1
38,Amazon,Nvidia,rtx-3070,336
39,Amazon,Nvidia,rtx-3070,1
40,Amazon,Nvidia,rtx-3070,4
41,Amazon,Nvidia,rtx-3070,1188
42,Amazon,Nvidia,rtx-3070,4
43,Amazon,Nvidia,rtx-3070,1
44,Amazon,Nvidia,rtx-3070,1
45,Amazon,Nvidia,rtx-3070,4
46,Amazon,Nvidia,rtx-3070,1
47,Amazon,Nvidia,rtx-3070,1
48,Amazon,Nvidia,rtx-3070,1
49,Amazon,Nvidia,rtx-3070,1
50,Amazon,Nvidia,rtx-3070,18824
51,Amazon,Nvidia,rtx-3070,4
52,Amazon,Nvidia,rtx-3070,280
53,Amazon,Nvidia,rtx-3070,656
54,Amazon,Nvidia,rtx-3070,852
55,Amazon,Nvidia,rtx-3070,1584
56,Amazon,Nvidia,rtx-3070,2820
57,Amazon,Nvidia,rtx-3070,476
58,Amazon,Nvidia,rtx-3070,1
59,Amazon,Nvidia,rtx-3070,1896
60,Amazon,Nvidia,rtx-3070,1
61,Amazon,Nvidia,rtx-3070,24
62,Amazon,Nvidia,rtx-3070,4
63,Amazon,Nvidia,rtx-3070,4
64,Amazon,Nvidia,rtx-3070,8
65,Amazon,Nvidia,rtx-3070,72
66,Amazon,Nvidia,rtx-3070,100
67,Amazon,Nvidia,rtx-3070,308
68,Amazon,Nvidia,rtx-3070,172
69,Amazon,Nvidia,rtx-3070,1
70,Amazon,Nvidia,rtx-3070,60
71,Amazon,Nvidia,rtx-3070,8
72,Amazon,Nvidia,rtx-3070,8
73,Amazon,Nvidia,rtx-3070,8
74,Amazon,Nvidia,rtx-3070,216
75,Amazon,Nvidia,rtx-3070,4
76,Amazon,Nvidia,rtx-3070,4
77,Amazon,Nvidia,rtx-3070,1
78,Amazon,Nvidia,rtx-3070,1
79,Amazon,Nvidia,rtx-3070,4
80,Amazon,Nvidia,rtx-3070,1
81,Amazon,Nvidia,rtx-3070,1
82,Amazon,Nvidia,rtx-3070,1
83,Amazon,Nvidia,rtx-3070,1
84,Amazon,Nvidia,rtx-3070,1
85,Amazon,Nvidia,rtx-3070,4
86,Amazon,Nvidia,rtx-3070,1
87,Amazon,Nvidia,rtx-3070,4
88,Amazon,Nvidia,rtx-3070,1
89,Amazon,Nvidia,rtx-3070,1
90,Amazon,Nvidia,rtx-3070,4
91,Amazon,Nvidia,rtx-3070,1
92,Amazon,Nvidia,rtx-3070,4
93,Amazon,Nvidia,rtx-3070,1
94,Amazon,Nvidia,rtx-3070,4
95,Amazon,Nvidia,rtx-3070,4
96,Amazon,Nvidia,rtx-3070,1
97,Amazon,Nvidia,rtx-3070,28
98,Amazon,Nvidia,rtx-3070,4
99,Amazon,Nvidia,rtx-3070,1
100,Amazon,Nvidia,rtx-3070,4
101,Amazon,Nvidia,rtx-3070,4
102,Amazon,Nvidia,rtx-3070,4
103,Amazon,Nvidia,rtx-3070,1
104,Amazon,Nvidia,rtx-3070,4
105,Amazon,Nvidia,rtx-3070,8
106,Amazon,Nvidia,rtx-3070,8
107,Amazon,Nvidia,rtx-3070,1
108,Amazon,Nvidia,rtx-3070,1
109,Amazon,Nvidia,rtx-3070,1
110,Amazon,Nvidia,rtx-3070,4
111,Amazon,Nvidia,rtx-3070,4
112,Amazon,Nvidia,rtx-3070,1
113,Amazon,Nvidia,rtx-3070,28
114,Amazon,Nvidia,rtx-3070,28
115,Amazon,Nvidia,rtx-3070,212
116,Amazon,Nvidia,rtx-3070,52
117,Amazon,Nvidia,rtx-3070,1
118,Amazon,Nvidia,rtx-3070,32
119,Amazon,Nvidia,rtx-3070,8
120,Amazon,Nvidia,rtx-3070,1
121,Amazon,Nvidia,rtx-3070,1
122,Amazon,Nvidia,rtx-3070,1
123,Amazon,Nvidia,rtx-3070,28
124,Amazon,Nvidia,rtx-3070,1404
125,Amazon CA,Nvidia,rtx-3070,1913
126,Amazon,Nvidia,rtx-3070,1
127,Amazon,Nvidia,rtx-3070,1
128,Amazon,Nvidia,rtx-3070,24
129,Amazon,Nvidia,rtx-3070,1
130,Amazon,Nvidia,rtx-3070,1
131,Amazon,Nvidia,rtx-3070,1
132,Amazon,Nvidia,rtx-3070,1
133,Amazon,Nvidia,rtx-3070,1
134,Amazon,Nvidia,rtx-3070,8
135,Amazon,Nvidia,rtx-3070,24
136,Amazon,Nvidia,rtx-3070,1
137,Amazon,Nvidia,rtx-3070,1
138,Amazon,Nvidia,rtx-3070,1
139,Amazon,Nvidia,rtx-3070,3
140,Amazon,Nvidia,rtx-3070,4
141,Amazon,Nvidia,rtx-3070,3
142,Amazon,Nvidia,rtx-3070,12
143,Amazon,Nvidia,rtx-3070,1
144,Amazon,Nvidia,rtx-3070,3
145,Amazon,Nvidia,rtx-3070,24
146,Amazon,Nvidia,rtx-3070,1
147,Amazon,Nvidia,rtx-3070,1
148,Amazon,Nvidia,rtx-3070,3
149,Amazon,Nvidia,rtx-3070,1
150,Amazon,Nvidia,rtx-3070,1
151,Amazon,Nvidia,rtx-3070,1
152,Amazon,Nvidia,rtx-3070,27
153,Amazon,Nvidia,rtx-3070,27
154,Amazon,Nvidia,rtx-3070,27
155,Amazon,Nvidia,rtx-3070,24
156,Amazon,Nvidia,rtx-3070,3
157,Amazon,Nvidia,rtx-3070,24
158,Amazon,Nvidia,rtx-3070,1
159,Amazon,Nvidia,rtx-3070,1
160,Amazon,Nvidia,rtx-3070,1
161,Amazon,Nvidia,rtx-3070,1
162,Amazon,Nvidia,rtx-3070,24
163,Amazon,Nvidia,rtx-3070,3
164,Amazon,Nvidia,rtx-3070,27
165,Amazon,Nvidia,rtx-3070,1
166,Amazon,Nvidia,rtx-3070,2
167,Amazon,Nvidia,rtx-3070,2
168,Amazon,Nvidia,rtx-3070,12
169,Amazon,Nvidia,rtx-3070,2
170,Amazon,Nvidia,rtx-3070,4
171,Amazon,Nvidia,rtx-3070,2
172,Amazon,Nvidia,rtx-3070,5
173,Amazon,Nvidia,rtx-3070,2
174,Amazon,Nvidia,rtx-3070,4
175,Amazon,Nvidia,rtx-3070,1
176,Amazon,Nvidia,rtx-3070,28
177,Amazon,Nvidia,rtx-3070,4
178,Amazon,Nvidia,rtx-3070,12
179,Amazon,Nvidia,rtx-3070,8
180,Amazon,Nvidia,rtx-3070,9
181,Amazon,Nvidia,rtx-3070,2
182,Amazon,Nvidia,rtx-3070,3
183,Amazon,Nvidia,rtx-3070,28
184,Amazon,Nvidia,rtx-3070,28
185,Amazon,Nvidia,rtx-3070,28
186,Amazon,Nvidia,rtx-3070,28
187,Amazon,Nvidia,rtx-3070,118
188,Amazon,Nvidia,rtx-3070,12
189,Amazon,Nvidia,rtx-3070,28
190,SamsClub,Nvidia,rtx-3070,1209
191,Amazon,Nvidia,rtx-3070,4
192,Amazon,Nvidia,rtx-3070,4
193,Amazon,Nvidia,rtx-3070,1
194,Amazon,Nvidia,rtx-3070,29
195,Amazon,Nvidia,rtx-3070,4
196,Amazon,Nvidia,rtx-3070,51
197,Amazon,Nvidia,rtx-3070,2
198,Amazon,Nvidia,rtx-3070,3
199,Amazon,Nvidia,rtx-3070,14
200,Amazon,Nvidia,rtx-3070,3
201,Amazon,Nvidia,rtx-3070,2
202,Amazon,Nvidia,rtx-3070,1
203,Amazon,Nvidia,rtx-3070,3
204,Amazon,Nvidia,rtx-3070,2
205,SamsClub,Nvidia,rtx-3070,32
206,Amazon,Nvidia,rtx-3070,1
207,Amazon,Nvidia,rtx-3070,1
208,Amazon,Nvidia,rtx-3070,2
209,Amazon,Nvidia,rtx-3070,1
210,Amazon,Nvidia,rtx-3070,1
211,Amazon,Nvidia,rtx-3070,1
212,Amazon,Nvidia,rtx-3070,1
213,Amazon,Nvidia,rtx-3070,3
214,Amazon,Nvidia,rtx-3070,1
215,Amazon,Nvidia,rtx-3070,1
216,Amazon,Nvidia,rtx-3070,2
217,Amazon,Nvidia,rtx-3070,1
218,Amazon,Nvidia,rtx-3070,4
219,Amazon,Nvidia,rtx-3070,2
220,Amazon,Nvidia,rtx-3070,1
221,Amazon,Nvidia,rtx-3070,1
222,Amazon,Nvidia,rtx-3070,1
223,Amazon,Nvidia,rtx-3070,1
224,Amazon,Nvidia,rtx-3070,1
225,Amazon,Nvidia,rtx-3070,1
226,Amazon,Nvidia,rtx-3070,2
227,Amazon,Nvidia,rtx-3070,2
228,Amazon,Nvidia,rtx-3070,1
229,Amazon,Nvidia,rtx-3070,1
230,Amazon,Nvidia,rtx-3070,2
231,Amazon,Nvidia,rtx-3070,2
232,Amazon,Nvidia,rtx-3070,2
233,Amazon,Nvidia,rtx-3070,1
234,Amazon,Nvidia,rtx-3070,1
235,Amazon,Nvidia,rtx-3070,2
236,Amazon,Nvidia,rtx-3070,1
237,Amazon,Nvidia,rtx-3070,12
238,Amazon,Nvidia,rtx-3070,1
239,Amazon,Nvidia,rtx-3070,1
240,Amazon,Nvidia,rtx-3070,4
241,Amazon,Nvidia,rtx-3070,4
242,Amazon,Nvidia,rtx-3070,1
243,Amazon,Nvidia,rtx-3070,1
244,Amazon,Nvidia,rtx-3070,1
245,Amazon,Nvidia,rtx-3070,1
246,Amazon,Nvidia,rtx-3070,1
247,Amazon,Nvidia,rtx-3070,7
248,BestBuy,Nvidia,rtx-3070,36
249,Amazon,Nvidia,rtx-3070ti,3
250,Amazon,Nvidia,rtx-3070ti,180
251,Amazon,Nvidia,rtx-3070ti,4
252,Amazon,Nvidia,rtx-3070ti,57
253,Amazon,Nvidia,rtx-3070ti,375
254,Amazon,Nvidia,rtx-3070ti,32
255,Amazon,Nvidia,rtx-3070ti,89
256,Amazon,Nvidia,rtx-3070ti,274
257,Amazon,Nvidia,rtx-3070ti,7040
258,Amazon,Nvidia,rtx-3070ti,54
259,Amazon,Nvidia,rtx-3070ti,66
260,Amazon,Nvidia,rtx-3070ti,1
261,Amazon,Nvidia,rtx-3070ti,1
262,Amazon,Nvidia,rtx-3070ti,1
263,Amazon,Nvidia,rtx-3070ti,85
264,Amazon,Nvidia,rtx-3070ti,27
265,Amazon,Nvidia,rtx-3070ti,2180
266,Amazon,Nvidia,rtx-3070ti,127
267,Amazon,Nvidia,rtx-3070ti,7
268,Amazon,Nvidia,rtx-3070ti,52
269,Amazon,Nvidia,rtx-3070ti,27
270,Amazon,Nvidia,rtx-3070ti,159
271,Amazon,Nvidia,rtx-3070ti,1
272,Amazon,Nvidia,rtx-3070ti,35
273,Amazon,Nvidia,rtx-3070ti,1
274,Amazon,Nvidia,rtx-3070ti,187
275,Amazon,Nvidia,rtx-3070ti,133
276,Amazon,Nvidia,rtx-3070ti,52
277,Amazon,Nvidia,rtx-3070ti,2
278,Amazon,Nvidia,rtx-3070ti,96
279,Amazon,Nvidia,rtx-3070ti,1
280,Amazon,Nvidia,rtx-3070ti,273
281,Amazon,Nvidia,rtx-3070ti,36
282,Amazon,Nvidia,rtx-3070ti,12666
283,Amazon,Nvidia,rtx-3070ti,167
284,Amazon,Nvidia,rtx-3070ti,14
285,Amazon,Nvidia,rtx-3070ti,22
286,Amazon,Nvidia,rtx-3070ti,1
287,Amazon,Nvidia,rtx-3070ti,12
288,Amazon,Nvidia,rtx-3070ti,999
289,Amazon,Nvidia,rtx-3070ti,74
290,Amazon,Nvidia,rtx-3070ti,4282
291,Amazon,Nvidia,rtx-3070ti,14
292,Amazon,Nvidia,rtx-3070ti,27
293,Amazon,Nvidia,rtx-3070ti,893
294,Amazon,Nvidia,rtx-3070ti,1
295,Amazon,Nvidia,rtx-3070ti,1
296,Amazon,Nvidia,rtx-3070ti,20
297,Amazon,Nvidia,rtx-3070ti,6
298,Amazon,Nvidia,rtx-3070ti,1
299,Amazon,Nvidia,rtx-3070ti,17
300,Amazon,Nvidia,rtx-3070ti,1
301,Amazon,Nvidia,rtx-3070ti,46
302,Amazon,Nvidia,rtx-3070ti,67
303,Amazon,Nvidia,rtx-3070ti,70
304,Amazon,Nvidia,rtx-3070ti,39
305,Amazon,Nvidia,rtx-3070ti,69
306,Amazon,Nvidia,rtx-3070ti,105
307,Amazon,Nvidia,rtx-3070ti,31
308,Amazon,Nvidia,rtx-3070ti,113
309,Amazon,Nvidia,rtx-3070ti,75
310,Amazon,Nvidia,rtx-3070ti,27
311,Amazon,Nvidia,rtx-3070ti,49
312,Amazon,Nvidia,rtx-3070ti,7
313,Amazon,Nvidia,rtx-3070ti,1
314,Amazon,Nvidia,rtx-3070ti,259
315,Amazon,Nvidia,rtx-3070ti,42
316,Amazon,Nvidia,rtx-3070ti,25482
317,Amazon,Nvidia,rtx-3070ti,9
318,Amazon,Nvidia,rtx-3070ti,1
319,Amazon,Nvidia,rtx-3070ti,17
320,Amazon,Nvidia,rtx-3070ti,160
321,Amazon,Nvidia,rtx-3070ti,26493
322,Amazon,Nvidia,rtx-3070ti,7
323,Amazon,Nvidia,rtx-3070ti,4
324,Amazon,Nvidia,rtx-3070ti,4
325,Amazon,Nvidia,rtx-3070ti,67
326,Amazon,Nvidia,rtx-3070ti,50
327,Amazon,Nvidia,rtx-3070ti,2
328,Amazon,Nvidia,rtx-3070ti,189
329,Amazon,Nvidia,rtx-3070ti,42
330,Amazon,Nvidia,rtx-3070ti,22
331,Amazon,Nvidia,rtx-3070ti,311
332,Amazon,Nvidia,rtx-3070ti,12
333,Amazon,Nvidia,rtx-3070ti,9
334,Amazon,Nvidia,rtx-3070ti,149
335,Amazon,Nvidia,rtx-3070ti,2
336,Amazon,Nvidia,rtx-3070ti,7
337,Amazon,Nvidia,rtx-3070ti,16847
338,Amazon,Nvidia,rtx-3070ti,29838
339,Amazon,Nvidia,rtx-3070ti,9
340,Amazon,Nvidia,rtx-3070ti,1
341,Amazon,Nvidia,rtx-3070ti,35
342,Amazon,Nvidia,rtx-3070ti,79
343,Amazon,Nvidia,rtx-3070ti,3
344,Amazon,Nvidia,rtx-3070ti,1
345,Amazon,Nvidia,rtx-3070ti,534
346,Amazon,Nvidia,rtx-3070ti,14
347,Amazon,Nvidia,rtx-3070ti,95
348,Amazon,Nvidia,rtx-3070ti,534
349,Amazon,Nvidia,rtx-3070ti,187
350,Amazon,Nvidia,rtx-3070ti,2
351,Amazon,Nvidia,rtx-3070ti,97
352,Amazon,Nvidia,rtx-3070ti,1
353,Amazon,Nvidia,rtx-3070ti,23
354,Amazon,Nvidia,rtx-3070ti,62
355,Amazon,Nvidia,rtx-3070ti,60
356,Amazon,Nvidia,rtx-3070ti,48
357,Amazon,Nvidia,rtx-3070ti,67
358,Amazon,Nvidia,rtx-3070ti,15
359,Amazon,Nvidia,rtx-3070ti,15
360,Amazon,Nvidia,rtx-3070ti,20
361,Amazon,Nvidia,rtx-3070ti,1
362,Amazon,Nvidia,rtx-3070ti,1
363,Amazon,Nvidia,rtx-3070ti,48
364,Amazon,Nvidia,rtx-3070ti,1
365,Amazon,Nvidia,rtx-3070ti,7
366,Amazon,Nvidia,rtx-3070ti,27
367,Amazon,Nvidia,rtx-3070ti,67
368,Amazon,Nvidia,rtx-3070ti,24
369,Amazon,Nvidia,rtx-3070ti,87
370,Amazon,Nvidia,rtx-3070ti,9
371,Amazon,Nvidia,rtx-3070ti,10
372,Amazon,Nvidia,rtx-3070ti,95
373,Amazon,Nvidia,rtx-3070ti,7
374,Amazon,Nvidia,rtx-3070ti,222
375,Amazon,Nvidia,rtx-3070ti,35
376,Amazon,Nvidia,rtx-3070ti,12
377,Amazon,Nvidia,rtx-3070ti,4
378,Amazon,Nvidia,rtx-3070ti,1
379,Amazon,Nvidia,rtx-3070ti,20
380,Amazon,Nvidia,rtx-3070ti,11
381,Amazon,Nvidia,rtx-3070ti,127
382,Amazon,Nvidia,rtx-3070ti,14
383,Amazon,Nvidia,rtx-3070ti,11
384,Amazon,Nvidia,rtx-3070ti,16
385,Amazon,Nvidia,rtx-3070ti,20
386,Amazon,Nvidia,rtx-3070ti,1
387,Amazon,Nvidia,rtx-3070ti,4
388,Amazon,Nvidia,rtx-3070ti,121
389,Amazon,Nvidia,rtx-3070ti,1
390,Amazon,Nvidia,rtx-3070ti,1
391,Amazon,Nvidia,rtx-3070ti,1
392,Amazon,Nvidia,rtx-3070ti,82
393,Amazon,Nvidia,rtx-3070ti,12
394,Amazon,Nvidia,rtx-3070ti,2
395,Amazon,Nvidia,rtx-3070ti,2
396,Amazon,Nvidia,rtx-3070ti,19
397,Amazon,Nvidia,rtx-3070ti,10
398,Amazon,Nvidia,rtx-3070ti,27
399,Amazon,Nvidia,rtx-3070ti,1
400,Amazon,Nvidia,rtx-3070ti,14
401,Amazon,Nvidia,rtx-3070ti,14
402,Amazon,Nvidia,rtx-3070ti,7
403,Amazon,Nvidia,rtx-3070ti,7
404,Amazon,Nvidia,rtx-3070ti,7
405,Amazon,Nvidia,rtx-3070ti,1
406,Amazon,Nvidia,rtx-3070ti,9
407,Amazon,Nvidia,rtx-3070ti,1
408,Amazon,Nvidia,rtx-3070ti,1
409,Amazon,Nvidia,rtx-3070ti,7
410,Amazon,Nvidia,rtx-3070ti,7
411,Amazon,Nvidia,rtx-3070ti,12
412,Amazon,Nvidia,rtx-3070ti,3
413,Amazon,Nvidia,rtx-3070ti,1
414,Amazon,Nvidia,rtx-3070ti,1
415,Amazon,Nvidia,rtx-3070ti,1
416,Amazon,Nvidia,rtx-3070ti,2
417,Amazon,Nvidia,rtx-3070ti,1
418,Amazon,Nvidia,rtx-3070ti,1
419,Amazon,Nvidia,rtx-3070ti,2
420,Amazon,Nvidia,rtx-3070ti,1
421,Amazon,Nvidia,rtx-3070ti,4
422,Amazon,Nvidia,rtx-3070ti,1
423,Amazon,Nvidia,rtx-3070ti,1
424,Amazon,Nvidia,rtx-3070ti,1
425,Amazon,Nvidia,rtx-3070ti,4898
426,Amazon,Nvidia,rtx-3070ti,8
427,Amazon,Nvidia,rtx-3070ti,1
428,Amazon,Nvidia,rtx-3070ti,1
429,Amazon,Nvidia,rtx-3070ti,1
430,Amazon,Nvidia,rtx-3070ti,1
431,Amazon,Nvidia,rtx-3070ti,5
432,Amazon,Nvidia,rtx-3070ti,1
433,Amazon,Nvidia,rtx-3070ti,1
434,Amazon,Nvidia,rtx-3070ti,101
435,Amazon,Nvidia,rtx-3070ti,7
436,Amazon,Nvidia,rtx-3070ti,9
437,Amazon,Nvidia,rtx-3070ti,7
438,Amazon,Nvidia,rtx-3070ti,1
439,Amazon,Nvidia,rtx-3070ti,6
440,Amazon,Nvidia,rtx-3070ti,1
441,Amazon,Nvidia,rtx-3070ti,1
442,Amazon,Nvidia,rtx-3070ti,1
443,Amazon,Nvidia,rtx-3070ti,1
444,Amazon,Nvidia,rtx-3070ti,1
445,Amazon,Nvidia,rtx-3070ti,7861
446,Amazon,Nvidia,rtx-3070ti,19441
447,Amazon,Nvidia,rtx-3070ti,2415
448,Amazon,Nvidia,rtx-3070ti,124
449,Amazon,Nvidia,rtx-3070ti,5
450,Amazon,Nvidia,rtx-3070ti,7
451,Amazon,Nvidia,rtx-3070ti,161
452,Amazon,Nvidia,rtx-3070ti,1
453,Amazon,Nvidia,rtx-3070ti,4
454,Amazon,Nvidia,rtx-3070ti,32
455,Amazon,Nvidia,rtx-3070ti,1
456,Amazon,Nvidia,rtx-3070ti,21
457,Amazon,Nvidia,rtx-3070ti,1
458,Amazon,Nvidia,rtx-3070ti,13
459,Amazon,Nvidia,rtx-3070ti,7
460,Amazon,Nvidia,rtx-3070ti,1
461,Amazon,Nvidia,rtx-3070ti,1
462,Amazon,Nvidia,rtx-3070ti,1
463,Amazon,Nvidia,rtx-3070ti,1
464,Amazon,Nvidia,rtx-3070ti,8
465,Amazon,Nvidia,rtx-3070ti,33466
466,Amazon,Nvidia,rtx-3070ti,13987
467,Amazon,Nvidia,rtx-3070ti,1
468,Amazon,Nvidia,rtx-3070ti,5728
469,Amazon,Nvidia,rtx-3070ti,342
470,Amazon,Nvidia,rtx-3070ti,7337
471,Amazon,Nvidia,rtx-3070ti,24
472,Amazon,Nvidia,rtx-3070ti,7
473,Amazon,Nvidia,rtx-3070ti,1
474,Amazon,Nvidia,rtx-3070ti,25602
475,Amazon,Nvidia,rtx-3070ti,2
476,Amazon,Nvidia,rtx-3070ti,12211
477,Amazon,Nvidia,rtx-3070ti,4
478,Amazon,Nvidia,rtx-3070ti,3
479,Amazon,Nvidia,rtx-3070ti,4
480,Amazon,Nvidia,rtx-3070ti,9
481,Amazon,Nvidia,rtx-3070ti,3
482,Amazon,Nvidia,rtx-3070ti,1063
483,Amazon,Nvidia,rtx-3070ti,209
484,Amazon,Nvidia,rtx-3070ti,8
485,Amazon,Nvidia,rtx-3070ti,1
486,Amazon,Nvidia,rtx-3070ti,1
487,Amazon,Nvidia,rtx-3070ti,8
488,Amazon,Nvidia,rtx-3070ti,2
489,Amazon,Nvidia,rtx-3070ti,2
490,Amazon,Nvidia,rtx-3070ti,7
491,Amazon,Nvidia,rtx-3070ti,3
492,Amazon,Nvidia,rtx-3070ti,4
493,Amazon,Nvidia,rtx-3070ti,2
494,Amazon,Nvidia,rtx-3070ti,2
495,Amazon,Nvidia,rtx-3070ti,1
496,Amazon,Nvidia,rtx-3070ti,1
497,Amazon,Nvidia,rtx-3070ti,5
498,Amazon,Nvidia,rtx-3070ti,9
499,Amazon,Nvidia,rtx-3070ti,1
500,Amazon,Nvidia,rtx-3070ti,1
501,Amazon,Nvidia,rtx-3070ti,1
502,Amazon,Nvidia,rtx-3070ti,3
503,Amazon,Nvidia,rtx-3070ti,3
504,Amazon,Nvidia,rtx-3070ti,1
505,Amazon,Nvidia,rtx-3070ti,1
506,Amazon,Nvidia,rtx-3070ti,4
507,Amazon,Nvidia,rtx-3070ti,1
508,Amazon,Nvidia,rtx-3070ti,2
509,Amazon,Nvidia,rtx-3070ti,2
510,Amazon,Nvidia,rtx-3070ti,1
511,Amazon,Nvidia,rtx-3070ti,1
512,Amazon,Nvidia,rtx-3070ti,3
513,Amazon,Nvidia,rtx-3070ti,1
514,Amazon,Nvidia,rtx-3070ti,1
515,Amazon,Nvidia,rtx-3070ti,1
516,Amazon,Nvidia,rtx-3070ti,1
517,Amazon,Nvidia,rtx-3070ti,1
518,Amazon,Nvidia,rtx-3070ti,1
519,Amazon,Nvidia,rtx-3070ti,1
520,Amazon,Nvidia,rtx-3070ti,1
521,Amazon,Nvidia,rtx-3070ti,1
522,Amazon,Nvidia,rtx-3070ti,4
523,Amazon,Nvidia,rtx-3070ti,1
524,Amazon,Nvidia,rtx-3070ti,1
525,Amazon,Nvidia,rtx-3070ti,2
526,Amazon,Nvidia,rtx-3070ti,1
527,Amazon,Nvidia,rtx-3070ti,1
528,Amazon,Nvidia,rtx-3070ti,1
529,Amazon,Nvidia,rtx-3070ti,1
530,Amazon,Nvidia,rtx-3070ti,1
531,Amazon,Nvidia,rtx-3070ti,1
532,Amazon,Nvidia,rtx-3070ti,1
533,Amazon,Nvidia,rtx-3070ti,1
534,Amazon,Nvidia,rtx-3070ti,1
535,Amazon,Nvidia,rtx-3070ti,2
536,Amazon,Nvidia,rtx-3070ti,173
537,Amazon,Nvidia,rtx-3070ti,3
538,Amazon,Nvidia,rtx-3070ti,1
539,Amazon,Nvidia,rtx-3070ti,2
540,Amazon,Nvidia,rtx-3070ti,1
541,Amazon,Nvidia,rtx-3070ti,2
542,Amazon,Nvidia,rtx-3070ti,1
543,Amazon,Nvidia,rtx-3070ti,7
544,Amazon,Nvidia,rtx-3070ti,1
545,Amazon,Nvidia,rtx-3070ti,3
546,Amazon,Nvidia,rtx-3070ti,1
547,Amazon,Nvidia,rtx-3070ti,1
548,Amazon,Nvidia,rtx-3070ti,1
549,Amazon,Nvidia,rtx-3080ti,1
550,Amazon,Nvidia,rtx-3080ti,1116
551,Amazon,Nvidia,rtx-3080ti,1372
552,Amazon,Nvidia,rtx-3080ti,720
553,Amazon,Nvidia,rtx-3080ti,44
554,Amazon,Nvidia,rtx-3080ti,136
555,Amazon,Nvidia,rtx-3080ti,960
556,Amazon,Nvidia,rtx-3080ti,6540
557,Amazon,Nvidia,rtx-3080ti,1208
558,Amazon,Nvidia,rtx-3080ti,20
559,Amazon,Nvidia,rtx-3080ti,7808
560,Amazon,Nvidia,rtx-3080ti,112
561,Amazon,Nvidia,rtx-3080ti,40
562,Amazon,Nvidia,rtx-3080ti,16
563,Amazon,Nvidia,rtx-3080ti,24
564,Amazon,Nvidia,rtx-3080ti,84
565,Amazon,Nvidia,rtx-3080ti,120
566,Amazon,Nvidia,rtx-3080ti,284
567,Amazon,Nvidia,rtx-3080ti,232
568,Amazon,Nvidia,rtx-3080ti,232
569,Amazon,Nvidia,rtx-3080ti,88
570,Amazon,Nvidia,rtx-3080ti,72
571,Amazon,Nvidia,rtx-3080ti,10936
572,Amazon,Nvidia,rtx-3080ti,28
573,Amazon,Nvidia,rtx-3080ti,1
574,Amazon,Nvidia,rtx-3080ti,24
575,Amazon,Nvidia,rtx-3080ti,16
576,Amazon,Nvidia,rtx-3080ti,8
577,Amazon,Nvidia,rtx-3080ti,52
578,Amazon,Nvidia,rtx-3080ti,8
579,Amazon,Nvidia,rtx-3080ti,128
580,Amazon,Nvidia,rtx-3080ti,28
581,Amazon,Nvidia,rtx-3080ti,52
582,Amazon,Nvidia,rtx-3080ti,240
583,Amazon,Nvidia,rtx-3080ti,32
584,Amazon,Nvidia,rtx-3080ti,292
585,Amazon,Nvidia,rtx-3080ti,88
586,Amazon,Nvidia,rtx-3080ti,44
587,Amazon,Nvidia,rtx-3080ti,540
588,Amazon,Nvidia,rtx-3080ti,12
589,Amazon,Nvidia,rtx-3080ti,20
590,Amazon,Nvidia,rtx-3080ti,6720
591,Amazon,Nvidia,rtx-3080ti,2032
592,Amazon,Nvidia,rtx-3080ti,120
593,Amazon,Nvidia,rtx-3080ti,1140
594,Amazon,Nvidia,rtx-3080ti,112
595,Amazon,Nvidia,rtx-3080ti,1
596,Amazon,Nvidia,rtx-3080ti,1
597,Amazon,Nvidia,rtx-3080ti,16
598,Amazon,Nvidia,rtx-3080ti,112
599,Amazon,Nvidia,rtx-3080ti,12
600,Amazon,Nvidia,rtx-3080ti,84
601,Amazon,Nvidia,rtx-3080ti,104
602,Amazon,Nvidia,rtx-3080ti,1
603,Amazon,Nvidia,rtx-3080ti,264
604,Amazon,Nvidia,rtx-3080ti,44
605,Amazon,Nvidia,rtx-3080ti,1
606,Amazon,Nvidia,rtx-3080ti,36
607,Amazon,Nvidia,rtx-3080ti,8
608,Amazon,Nvidia,rtx-3080ti,60
609,Amazon,Nvidia,rtx-3080ti,16
610,Amazon,Nvidia,rtx-3080ti,40
611,Amazon,Nvidia,rtx-3080ti,36
612,Amazon,Nvidia,rtx-3080ti,240
613,Amazon,Nvidia,rtx-3080ti,16
614,Amazon,Nvidia,rtx-3080ti,1
615,Amazon,Nvidia,rtx-3080ti,16
616,Amazon,Nvidia,rtx-3080ti,8
617,Amazon,Nvidia,rtx-3080ti,4
618,Amazon,Nvidia,rtx-3080ti,4
619,Amazon,Nvidia,rtx-3080ti,18704
620,Amazon,Nvidia,rtx-3080ti,704
621,Amazon,Nvidia,rtx-3080ti,3728
622,Amazon,Nvidia,rtx-3080ti,52
623,Amazon,Nvidia,rtx-3080ti,1
624,Amazon,Nvidia,rtx-3080ti,1
625,Amazon,Nvidia,rtx-3080ti,40
626,Amazon,Nvidia,rtx-3080ti,148
627,Amazon,Nvidia,rtx-3080ti,140
628,Amazon,Nvidia,rtx-3080ti,1344
629,Amazon,Nvidia,rtx-3080ti,224
630,Amazon,Nvidia,rtx-3080ti,376
631,Amazon,Nvidia,rtx-3080ti,164
632,Amazon,Nvidia,rtx-3080ti,1
633,Amazon,Nvidia,rtx-3080ti,216
634,Amazon,Nvidia,rtx-3080ti,22672
635,Amazon,Nvidia,rtx-3080ti,76
636,Amazon,Nvidia,rtx-3080ti,108
637,Amazon,Nvidia,rtx-3080ti,2532
638,Amazon,Nvidia,rtx-3080ti,20
639,Amazon,Nvidia,rtx-3080ti,8
640,Amazon,Nvidia,rtx-3080ti,40
641,Amazon,Nvidia,rtx-3080ti,96
642,Amazon,Nvidia,rtx-3080ti,84
643,Amazon,Nvidia,rtx-3080ti,152
644,Amazon,Nvidia,rtx-3080ti,40
645,Amazon,Nvidia,rtx-3080ti,8
646,Amazon,Nvidia,rtx-3080ti,16
647,Amazon,Nvidia,rtx-3080ti,60
648,Amazon,Nvidia,rtx-3080ti,36
649,Amazon,Nvidia,rtx-3080ti,12
650,Amazon,Nvidia,rtx-3080ti,1
651,Amazon,Nvidia,rtx-3080ti,1
652,Amazon,Nvidia,rtx-3080ti,1
653,Amazon,Nvidia,rtx-3080ti,12444
654,Amazon,Nvidia,rtx-3080ti,29836
655,Amazon,Nvidia,rtx-3080ti,6976
656,Amazon,Nvidia,rtx-3080ti,6932
657,Amazon,Nvidia,rtx-3080ti,11080
658,Amazon,Nvidia,rtx-3080ti,29836
659,Amazon,Nvidia,rtx-3080ti,28
660,Amazon,Nvidia,rtx-3080ti,1
661,Amazon,Nvidia,rtx-3080ti,1
662,Amazon,Nvidia,rtx-3080ti,1
663,Amazon,Nvidia,rtx-3080ti,24
664,Amazon,Nvidia,rtx-3080ti,16
665,Amazon,Nvidia,rtx-3080ti,1
666,Amazon,Nvidia,rtx-3080ti,276
667,Amazon,Nvidia,rtx-3080ti,8
668,Amazon,Nvidia,rtx-3080ti,1
669,Amazon,Nvidia,rtx-3080ti,28
670,Amazon,Nvidia,rtx-3080ti,60
671,Amazon,Nvidia,rtx-3080ti,8
672,Amazon,Nvidia,rtx-3080ti,1
673,Amazon,Nvidia,rtx-3080ti,1
674,Amazon,Nvidia,rtx-3080ti,164
675,Amazon,Nvidia,rtx-3080ti,8
676,Amazon,Nvidia,rtx-3080ti,8
677,Amazon,Nvidia,rtx-3080ti,1
678,Amazon,Nvidia,rtx-3080ti,1
679,Amazon,Nvidia,rtx-3080ti,16
680,Amazon,Nvidia,rtx-3080ti,3320
681,Amazon,Nvidia,rtx-3080ti,352
682,Amazon,Nvidia,rtx-3080ti,2320
683,Amazon,Nvidia,rtx-3080ti,1
684,Amazon,Nvidia,rtx-3080ti,36
685,Amazon,Nvidia,rtx-3080ti,8
686,Amazon,Nvidia,rtx-3080ti,60
687,Amazon,Nvidia,rtx-3080ti,1
688,Amazon,Nvidia,rtx-3080ti,112
689,Amazon,Nvidia,rtx-3080ti,1
690,Amazon,Nvidia,rtx-3080ti,1
691,Amazon,Nvidia,rtx-3080ti,8
692,Amazon,Nvidia,rtx-3080ti,1
693,Amazon,Nvidia,rtx-3080ti,1
694,Amazon,Nvidia,rtx-3080ti,180
695,Amazon,Nvidia,rtx-3080ti,1
696,Amazon,Nvidia,rtx-3080ti,1
697,Amazon,Nvidia,rtx-3080ti,1
698,Amazon,Nvidia,rtx-3080ti,21484
699,Amazon,Nvidia,rtx-3080ti,1
700,Amazon,Nvidia,rtx-3080ti,1036
701,Amazon,Nvidia,rtx-3080ti,20
702,Amazon,Nvidia,rtx-3080ti,20700
703,Amazon,Nvidia,rtx-3080ti,8
704,Amazon,Nvidia,rtx-3080ti,1
705,Amazon,Nvidia,rtx-3080ti,29000
706,Amazon,Nvidia,rtx-3080ti,1
707,Amazon,Nvidia,rtx-3080ti,6232
708,Amazon,Nvidia,rtx-3080ti,4
709,Amazon,Nvidia,rtx-3080ti,1
710,Amazon,Nvidia,rtx-3080ti,1
711,Amazon,Nvidia,rtx-3080ti,3316
712,Amazon,Nvidia,rtx-3080ti,392
713,Amazon,Nvidia,rtx-3080ti,92
714,Amazon,Nvidia,rtx-3080ti,24
715,Amazon,Nvidia,rtx-3080ti,180
716,Amazon,Nvidia,rtx-3080ti,208
717,Amazon,Nvidia,rtx-3080ti,104
718,Amazon,Nvidia,rtx-3080ti,700
719,Amazon,Nvidia,rtx-3080ti,1
720,Amazon,Nvidia,rtx-3080ti,60
721,Amazon,Nvidia,rtx-3080ti,20
722,Amazon,Nvidia,rtx-3080ti,20
723,Amazon,Nvidia,rtx-3080ti,1604
724,Amazon,Nvidia,rtx-3080ti,412
725,Amazon,Nvidia,rtx-3080ti,1
726,Amazon,Nvidia,rtx-3080ti,1804
727,Amazon,Nvidia,rtx-3080ti,4
728,Amazon,Nvidia,rtx-3080ti,52
729,Amazon,Nvidia,rtx-3080ti,32
730,Amazon,Nvidia,rtx-3080ti,136
731,Amazon,Nvidia,rtx-3080ti,48
732,Amazon,Nvidia,rtx-3080ti,24
733,Amazon,Nvidia,rtx-3080ti,488
734,Amazon,Nvidia,rtx-3080ti,272
735,Amazon,Nvidia,rtx-3080ti,1
736,Amazon,Nvidia,rtx-3080ti,1
737,Amazon,Nvidia,rtx-3080ti,3684
738,Amazon,Nvidia,rtx-3080ti,1
739,Amazon,Nvidia,rtx-3080ti,1
740,Amazon,Nvidia,rtx-3080ti,4
741,Amazon,Nvidia,rtx-3080ti,516
742,Amazon,Nvidia,rtx-3080ti,1
743,Amazon,Nvidia,rtx-3080ti,552
744,Amazon,Nvidia,rtx-3080ti,1
745,Amazon,Nvidia,rtx-3080ti,1
746,Amazon,Nvidia,rtx-3080ti,240
747,Amazon,Nvidia,rtx-3080ti,8
748,Amazon,Nvidia,rtx-3080ti,8
749,Amazon,Nvidia,rtx-3080ti,16
750,Amazon,Nvidia,rtx-3080ti,6920
751,Amazon,Nvidia,rtx-3080ti,120
752,Amazon,Nvidia,rtx-3080ti,900
753,Amazon,Nvidia,rtx-3080ti,1
754,Amazon,Nvidia,rtx-3080ti,1
755,Amazon,Nvidia,rtx-3080ti,592
756,Amazon,Nvidia,rtx-3080ti,1
757,Amazon,Nvidia,rtx-3080ti,8
758,Amazon,Nvidia,rtx-3080ti,1
759,Amazon,Nvidia,rtx-3080ti,28
760,Amazon,Nvidia,rtx-3080ti,336
761,Amazon,Nvidia,rtx-3080ti,8
762,Amazon,Nvidia,rtx-3080ti,28
763,Amazon,Nvidia,rtx-3080ti,16
764,Amazon,Nvidia,rtx-3080ti,1
765,Amazon,Nvidia,rtx-3080ti,1
766,Amazon,Nvidia,rtx-3080ti,1
767,Amazon,Nvidia,rtx-3080ti,172
768,Amazon,Nvidia,rtx-3080ti,1
769,Amazon,Nvidia,rtx-3080ti,24
770,Amazon,Nvidia,rtx-3080ti,44
771,Amazon,Nvidia,rtx-3080ti,1
772,Amazon,Nvidia,rtx-3080ti,8
773,Amazon,Nvidia,rtx-3080ti,1
774,Amazon,Nvidia,rtx-3080ti,28
775,Amazon,Nvidia,rtx-3080ti,8
776,Amazon,Nvidia,rtx-3080ti,24
777,Amazon,Nvidia,rtx-3080ti,4
778,Amazon,Nvidia,rtx-3080ti,1
779,Amazon,Nvidia,rtx-3080ti,4
780,Amazon,Nvidia,rtx-3080ti,1
781,Amazon,Nvidia,rtx-3080ti,4
782,Amazon,Nvidia,rtx-3080ti,308
783,Amazon,Nvidia,rtx-3080ti,4
784,Amazon,Nvidia,rtx-3080ti,1
785,Amazon,Nvidia,rtx-3080ti,8
786,Amazon,Nvidia,rtx-3080ti,1
787,Amazon,Nvidia,rtx-3080ti,8
788,Amazon,Nvidia,rtx-3080ti,136
789,Amazon,Nvidia,rtx-3080ti,1
790,Amazon,Nvidia,rtx-3080ti,1
791,Amazon,Nvidia,rtx-3080ti,1
792,Amazon,Nvidia,rtx-3080ti,1
793,Amazon,Nvidia,rtx-3080ti,1
794,Amazon,Nvidia,rtx-3080ti,20
795,Amazon,Nvidia,rtx-3080ti,1
796,Amazon,Nvidia,rtx-3080ti,1
797,Amazon,Nvidia,rtx-3080ti,1
798,Amazon,Nvidia,rtx-3080ti,1
799,Amazon,Nvidia,rtx-3080ti,1
800,Amazon,Nvidia,rtx-3080ti,1
801,Amazon,Nvidia,rtx-3080ti,1
802,Amazon,Nvidia,rtx-3080ti,1
803,Amazon,Nvidia,rtx-3080ti,16
804,Amazon,Nvidia,rtx-3080ti,1
805,Amazon,Nvidia,rtx-3080ti,1
806,Amazon,Nvidia,rtx-3080ti,28
807,Amazon,Nvidia,rtx-3080ti,1
808,Amazon,Nvidia,rtx-3080ti,1
809,Amazon,Nvidia,rtx-3080ti,1
810,Amazon,Nvidia,rtx-3080ti,1
811,Amazon,Nvidia,rtx-3080ti,1
812,Amazon,Nvidia,rtx-3080ti,1
813,Amazon,Nvidia,rtx-3080ti,8
814,Amazon,Nvidia,rtx-3080ti,1
815,Amazon,Nvidia,rtx-3080ti,1
816,Amazon,Nvidia,rtx-3080ti,1
817,Amazon,Nvidia,rtx-3080ti,1
818,Amazon,Nvidia,rtx-3080ti,1
819,Amazon,Nvidia,rtx-3080ti,1
820,Amazon,Nvidia,rtx-3080ti,1
821,Amazon,Nvidia,rtx-3080ti,21
822,Amazon,Nvidia,rtx-3080ti,24
823,Amazon,Nvidia,rtx-3080ti,1
824,Amazon,Nvidia,rtx-3080ti,1
825,Amazon,Nvidia,rtx-3080ti,21
826,Amazon,Nvidia,rtx-3080ti,26
827,Amazon,Nvidia,rtx-3080ti,22
828,Amazon,Nvidia,rtx-3080ti,1
829,Amazon,Nvidia,rtx-3080ti,25
830,Amazon,Nvidia,rtx-3080ti,53
831,Amazon,Nvidia,rtx-3080ti,21
832,Amazon,Nvidia,rtx-3080ti,1
833,Amazon,Nvidia,rtx-3080ti,7
834,Amazon,Nvidia,rtx-3080ti,1
835,Amazon,Nvidia,rtx-3080ti,1
836,Amazon,Nvidia,rtx-3080ti,1
837,Amazon,Nvidia,rtx-3080ti,7
838,Amazon,Nvidia,rtx-3080ti,1
839,Amazon,Nvidia,rtx-3080ti,24
840,Amazon,Nvidia,rtx-3080ti,1
841,Amazon,Nvidia,rtx-3080ti,1
842,Amazon,Nvidia,rtx-3080ti,24
843,Amazon,Nvidia,rtx-3080ti,7
844,Amazon,Nvidia,rtx-3080ti,2434
845,Amazon,Nvidia,rtx-3080ti,1
846,Amazon,Nvidia,rtx-3080ti,26
847,Amazon,Nvidia,rtx-3080ti,1
848,Amazon,Nvidia,rtx-3080ti,1
849,Amazon,Nvidia,rtx-3080ti,2298
850,Amazon,Nvidia,rtx-3080ti,1
851,Amazon,Nvidia,rtx-3080ti,1
852,Amazon,Nvidia,rtx-3080ti,1
853,Amazon,Nvidia,rtx-3080ti,1
854,Amazon,Nvidia,rtx-3080ti,7
855,Amazon,Nvidia,rtx-3080ti,1
856,Amazon,Nvidia,rtx-3080ti,1
857,Amazon,Nvidia,rtx-3080ti,1
858,Amazon,Nvidia,rtx-3080ti,1
859,Amazon,Nvidia,rtx-3080ti,1
860,Amazon,Nvidia,rtx-3080ti,4
861,Amazon,Nvidia,rtx-3080ti,28
862,Amazon,Nvidia,rtx-3080ti,28
863,Amazon,Nvidia,rtx-3080ti,1
864,Amazon,Nvidia,rtx-3080ti,1
865,Amazon,Nvidia,rtx-3080ti,1
866,Amazon,Nvidia,rtx-3080ti,1
867,Amazon,Nvidia,rtx-3080ti,14
868,Amazon,Nvidia,rtx-3080ti,17
869,Amazon,Nvidia,rtx-3080ti,67
870,Amazon,Nvidia,rtx-3080ti,1
871,Amazon,Nvidia,rtx-3080ti,593
872,Amazon,Nvidia,rtx-3080ti,8252
873,Amazon,Nvidia,rtx-3080ti,7
874,Amazon,Nvidia,rtx-3080ti,1
875,Amazon,Nvidia,rtx-3080ti,1
876,Amazon,Nvidia,rtx-3080ti,7
877,Amazon,Nvidia,rtx-3080ti,1
878,Amazon,Nvidia,rtx-3080ti,1
879,Amazon,Nvidia,rtx-3080ti,1
880,Amazon,Nvidia,rtx-3080ti,1
881,Amazon,Nvidia,rtx-3080ti,8
882,Amazon,Nvidia,rtx-3080ti,1
883,Amazon,Nvidia,rtx-3080ti,1
884,Amazon,Nvidia,rtx-3080ti,1
885,Amazon,Nvidia,rtx-3080ti,1
886,Amazon,Nvidia,rtx-3080ti,1
887,Amazon,Nvidia,rtx-3080ti,2467
888,Amazon,Nvidia,rtx-3080ti,1
889,Amazon,Nvidia,rtx-3080ti,1
890,Amazon,Nvidia,rtx-3080ti,1
891,Amazon,Nvidia,rtx-3080ti,53
892,Amazon,Nvidia,rtx-3080ti,1
893,Amazon,Nvidia,rtx-3080ti,19
894,Amazon,Nvidia,rtx-3080ti,19
895,Amazon,Nvidia,rtx-3080ti,54
896,Amazon,Nvidia,rtx-3080ti,28
897,Amazon,Nvidia,rtx-3080ti,1
898,Amazon,Nvidia,rtx-3080ti,1
899,Amazon,Nvidia,rtx-3080ti,20
900,Amazon,Nvidia,rtx-3080ti,1
901,Amazon,Nvidia,rtx-3080ti,29
902,Amazon,Nvidia,rtx-3080ti,21
903,Amazon,Nvidia,rtx-3080ti,4
904,Amazon,Nvidia,rtx-3080ti,148
905,Amazon,Nvidia,rtx-3080ti,1
906,Amazon,Nvidia,rtx-3080ti,7
907,Amazon,Nvidia,rtx-3080ti,3
908,Amazon,Nvidia,rtx-3080ti,27
909,Amazon,Nvidia,rtx-3080ti,3
910,Amazon,Nvidia,rtx-3080ti,3
911,Amazon,Nvidia,rtx-3080ti,175
912,Amazon,Nvidia,rtx-3080ti,1
913,Amazon,Nvidia,rtx-3080ti,3
914,Amazon,Nvidia,rtx-3080ti,3
915,Amazon,Nvidia,rtx-3080ti,1
916,Amazon,Nvidia,rtx-3080ti,1
917,Amazon,Nvidia,rtx-3080ti,3
918,Amazon,Nvidia,rtx-3080ti,3
919,Amazon,Nvidia,rtx-3080ti,24
920,Amazon,Nvidia,rtx-3080ti,3
921,Amazon,Nvidia,rtx-3080ti,24
922,Amazon,Nvidia,rtx-3080ti,4
923,Amazon,Nvidia,rtx-3080ti,4
924,Amazon,Nvidia,rtx-3080ti,1
925,Amazon,Nvidia,rtx-3080ti,1
926,Amazon,Nvidia,rtx-3080ti,1
927,Amazon,Nvidia,rtx-3080ti,3
928,Amazon,Nvidia,rtx-3080ti,8
929,Amazon,Nvidia,rtx-3080ti,1
930,Amazon,Nvidia,rtx-3080ti,4
931,Amazon,Nvidia,rtx-3080ti,3
932,Amazon,Nvidia,rtx-3080ti,1
933,Amazon,Nvidia,rtx-3080ti,4
934,Amazon,Nvidia,rtx-3080ti,4
935,Amazon,Nvidia,rtx-3080ti,9
936,Amazon,Nvidia,rtx-3080ti,3
937,Amazon,Nvidia,rtx-3080ti,1
938,Amazon,Nvidia,rtx-3080ti,1
939,Amazon,Nvidia,rtx-3080ti,1
940,Amazon,Nvidia,rtx-3080ti,4
941,Amazon,Nvidia,rtx-3080ti,4
942,Amazon,Nvidia,rtx-3080ti,4
943,Amazon,Nvidia,rtx-3080ti,3
944,Amazon,Nvidia,rtx-3080ti,4
945,Amazon,Nvidia,rtx-3080ti,4
946,Amazon,Nvidia,rtx-3080ti,3
947,Amazon,Nvidia,rtx-3080ti,4
948,Amazon,Nvidia,rtx-3080ti,1
949,Amazon,Nvidia,rtx-3080ti,1
950,Amazon,Nvidia,rtx-3080ti,1
951,Amazon,Nvidia,rtx-3080ti,7
952,Amazon,Nvidia,rtx-3080ti,1
953,Amazon,Nvidia,rtx-3080ti,1
954,Amazon,Nvidia,rtx-3080ti,1
955,Amazon,Nvidia,rtx-3080ti,7
956,Amazon,Nvidia,rtx-3080ti,7
957,Amazon,Nvidia,rtx-3080ti,1
958,Amazon,Nvidia,rtx-3080ti,3
959,Amazon,Nvidia,rtx-3080ti,1
960,Amazon,Nvidia,rtx-3080ti,3
961,Amazon,Nvidia,rtx-3080ti,1
962,Amazon,Nvidia,rtx-3080ti,5
963,Amazon,Nvidia,rtx-3080ti,4
964,Amazon,Nvidia,rtx-3080ti,4
965,Amazon,Nvidia,rtx-3080ti,1
966,Amazon,Nvidia,rtx-3080ti,17352
967,Amazon,Nvidia,rtx-3080ti,1
968,Amazon,Nvidia,rtx-3080ti,3
969,Amazon,Nvidia,rtx-3080ti,11
970,Amazon,Nvidia,rtx-3080ti,1
971,Amazon,Nvidia,rtx-3080ti,3
972,Amazon,Nvidia,rtx-3080ti,1
973,Amazon,Nvidia,rtx-3080ti,1
974,Amazon,Nvidia,rtx-3080ti,1
975,Amazon,Nvidia,rtx-3080ti,5
976,Amazon,Nvidia,rtx-3080ti,1
977,Amazon,Nvidia,rtx-3080ti,15
978,Amazon,Nvidia,rtx-3080ti,1
979,Amazon,Nvidia,rtx-3080ti,1
980,Amazon,Nvidia,rtx-3080ti,7
981,Amazon,Nvidia,rtx-3080ti,1
982,Amazon,Nvidia,rtx-3080ti,1
983,Amazon,Nvidia,rtx-3080ti,1
984,Amazon,Nvidia,rtx-3080ti,1
985,Amazon,Nvidia,rtx-3080ti,3
986,Amazon,Nvidia,rtx-3080ti,4
987,Amazon,Nvidia,rtx-3080ti,3
988,Amazon,Nvidia,rtx-3080ti,1
989,Amazon,Nvidia,rtx-3080ti,1
990,Amazon,Nvidia,rtx-3080ti,1
991,Amazon,Nvidia,rtx-3080ti,1
992,Amazon,Nvidia,rtx-3080ti,1
993,Amazon,Nvidia,rtx-3080ti,4
994,Amazon,Nvidia,rtx-3080ti,9
995,Amazon,Nvidia,rtx-3080ti,4
996,Amazon,Nvidia,rtx-3080ti,1
997,Amazon,Nvidia,rtx-3080ti,1
998,Amazon,Nvidia,rtx-3080ti,1
999,Amazon,Nvidia,rtx-3080ti,3
1000,Amazon,Nvidia,rtx-3080ti,1
1001,Amazon,Nvidia,rtx-3080ti,3
1002,Amazon,Nvidia,rtx-3080ti,4828
1003,Amazon,Nvidia,rtx-3080ti,96
1004,Amazon,Nvidia,rtx-3080ti,3
1005,Amazon,Nvidia,rtx-3080ti,1
1006,Amazon,Nvidia,rtx-3080ti,79
1007,Amazon,Nvidia,rtx-3080ti,1
1008,Amazon,Nvidia,rtx-3080ti,15
1009,Amazon,Nvidia,rtx-3080ti,4
1010,Amazon,Nvidia,rtx-3080ti,27
1011,Amazon,Nvidia,rtx-3080ti,1
1012,Amazon,Nvidia,rtx-3080ti,1
1013,Amazon,Nvidia,rtx-3080ti,3
1014,Amazon,Nvidia,rtx-3080ti,1
1015,Amazon,Nvidia,rtx-3080ti,4
1016,Amazon,Nvidia,rtx-3080ti,7
1017,Amazon,Nvidia,rtx-3080ti,7
1018,Amazon,Nvidia,rtx-3080ti,23
1019,Amazon,Nvidia,rtx-3080ti,1
1020,Amazon,Nvidia,rtx-3080ti,3
1021,Amazon,Nvidia,rtx-3080ti,1
1022,Amazon,Nvidia,rtx-3080ti,27
1023,Amazon,Nvidia,rtx-3080ti,1
1024,Amazon,Nvidia,rtx-3080ti,1
1025,Amazon,Nvidia,rtx-3080ti,27
1026,Amazon,Nvidia,rtx-3080ti,29
1027,Amazon,Nvidia,rtx-3080ti,24
1028,Amazon,Nvidia,rtx-3080ti,1
1029,Amazon,Nvidia,rtx-3080ti,1
1030,Amazon,Nvidia,rtx-3080ti,24
1031,Amazon,Nvidia,rtx-3080ti,24
1032,Amazon,Nvidia,rtx-3080ti,24
1033,Amazon,Nvidia,rtx-3080ti,1
1034,Amazon,Nvidia,rtx-3080ti,29
1035,Amazon,Nvidia,rtx-3080ti,56
1036,Amazon,Nvidia,rtx-3080ti,24
1037,Amazon,Nvidia,rtx-3080ti,24
1038,Amazon,Nvidia,rtx-3080ti,1
1039,Amazon,Nvidia,rtx-3080ti,4
1040,Amazon,Nvidia,rtx-3080ti,24
1041,Amazon,Nvidia,rtx-3080ti,1
1042,Amazon,Nvidia,rtx-3080ti,111
1043,Amazon,Nvidia,rtx-3080ti,1
1044,Amazon,Nvidia,rtx-3080ti,27
1045,Amazon,Nvidia,rtx-3080ti,1
1046,Amazon,Nvidia,rtx-3080ti,87
1047,Amazon,Nvidia,rtx-3080ti,1
1048,Amazon,Nvidia,rtx-3080ti,56
1049,Amazon,Nvidia,rtx-3080ti,24
1050,Amazon,Nvidia,rtx-3080ti,56
1051,Amazon,Nvidia,rtx-3080ti,5
1052,Amazon,Nvidia,rtx-3080ti,63
1053,Amazon,Nvidia,rtx-3080ti,116
1054,Amazon,Nvidia,rtx-3080ti,24
1055,Amazon,Nvidia,rtx-3080ti,12
1056,Amazon,Nvidia,rtx-3080ti,55
1057,Amazon,Nvidia,rtx-3080ti,17
1058,Amazon,Nvidia,rtx-3080ti,3
1059,Amazon,Nvidia,rtx-3080ti,1
1060,Amazon,Nvidia,rtx-3080ti,1
1061,Amazon,Nvidia,rtx-3080ti,4
1062,Amazon,Nvidia,rtx-3080ti,1
1063,Amazon,Nvidia,rtx-3080ti,1
1064,Amazon,Nvidia,rtx-3080ti,4
1065,Amazon,Nvidia,rtx-3080ti,1
1066,Amazon,Nvidia,rtx-3080ti,55
1067,Amazon,Nvidia,rtx-3080ti,1
1068,Amazon,Nvidia,rtx-3080ti,24
1069,Amazon,Nvidia,rtx-3080ti,1
1070,Amazon,Nvidia,rtx-3080ti,8
1071,Amazon,Nvidia,rtx-3080ti,27
1072,Amazon,Nvidia,rtx-3080ti,1
1073,Amazon,Nvidia,rtx-3080ti,1
1074,Amazon,Nvidia,rtx-3080ti,3
1075,Amazon,Nvidia,rtx-3080ti,3
1076,Amazon,Nvidia,rtx-3080ti,28
1077,Amazon,Nvidia,rtx-3080ti,3
1078,Amazon,Nvidia,rtx-3080ti,24
1079,Amazon,Nvidia,rtx-3080ti,28
1080,Amazon,Nvidia,rtx-3080ti,1
1081,Amazon,Nvidia,rtx-3080ti,29
1082,Amazon,Nvidia,rtx-3080ti,28
1083,Amazon,Nvidia,rtx-3080ti,1
1084,Amazon,Nvidia,rtx-3080ti,9
1085,Amazon,Nvidia,rtx-3080ti,24
1086,Amazon,Nvidia,rtx-3080ti,24
1087,Amazon,Nvidia,rtx-3080ti,3
1088,Amazon,Nvidia,rtx-3080ti,55
1089,Amazon,Nvidia,rtx-3080ti,56
1090,Amazon,Nvidia,rtx-3080ti,24
1091,Amazon,Nvidia,rtx-3080ti,29
1092,Amazon,Nvidia,rtx-3080ti,55
1093,Amazon,Nvidia,rtx-3080ti,27
1094,Amazon,Nvidia,rtx-3080ti,1
1095,Amazon,Nvidia,rtx-3080ti,25
1096,Amazon,Nvidia,rtx-3080ti,27
1097,Amazon,Nvidia,rtx-3080ti,25
1098,Amazon,Nvidia,rtx-3080ti,24
1099,Amazon,Nvidia,rtx-3080ti,1
1100,Amazon,Nvidia,rtx-3080ti,27
1101,Amazon,Nvidia,rtx-3080ti,55
1102,Amazon,Nvidia,rtx-3080ti,1
1103,Amazon,Nvidia,rtx-3080ti,15
1104,Amazon,Nvidia,rtx-3080ti,12
1105,Amazon,Nvidia,rtx-3080ti,1
1106,Amazon,Nvidia,rtx-3080ti,27
1107,Amazon,Nvidia,rtx-3080ti,3
1108,Amazon,Nvidia,rtx-3080ti,25
1109,Amazon,Nvidia,rtx-3080ti,1
1110,Amazon,Nvidia,rtx-3080ti,27
1111,Amazon,Nvidia,rtx-3080ti,1
1112,Amazon,Nvidia,rtx-3080ti,1
1113,Amazon,Nvidia,rtx-3080ti,27
1114,Amazon,Nvidia,rtx-3080ti,8
1115,Amazon,Nvidia,rtx-3080ti,3
1116,Amazon,Nvidia,rtx-3080ti,1
1117,Amazon,Nvidia,rtx-3080ti,29
1118,Amazon,Nvidia,rtx-3080ti,3
1119,Amazon,Nvidia,rtx-3080ti,3
1120,Amazon,Nvidia,rtx-3080ti,3
1121,Amazon,Nvidia,rtx-3080ti,1
1122,Amazon,Nvidia,rtx-3080ti,1
1123,Amazon,Nvidia,rtx-3080ti,28
1124,Amazon,Nvidia,rtx-3080ti,28
1125,Amazon,Nvidia,rtx-3080ti,1
1126,Amazon,Nvidia,rtx-3080ti,55
1127,Amazon,Nvidia,rtx-3080ti,1
1128,Amazon,Nvidia,rtx-3080ti,27
1129,Amazon,Nvidia,rtx-3080ti,28
1130,Amazon,Nvidia,rtx-3080ti,204
1131,Amazon,Nvidia,rtx-3080ti,3
1132,Amazon,Nvidia,rtx-3080ti,1
1133,Amazon,Nvidia,rtx-3080ti,1
1134,Amazon,Nvidia,rtx-3080ti,24
1135,Amazon,Nvidia,rtx-3080ti,1
1136,Amazon,Nvidia,rtx-3080ti,4
1137,Amazon,Nvidia,rtx-3080ti,1
1138,Amazon,Nvidia,rtx-3080ti,12
1139,Amazon,Nvidia,rtx-3080ti,24
1140,Amazon,Nvidia,rtx-3080ti,24
1141,Amazon,Nvidia,rtx-3080ti,7
1142,Amazon,Nvidia,rtx-3080ti,57
1143,Amazon,Nvidia,rtx-3080ti,4
1144,Amazon,Nvidia,rtx-3080ti,28
1145,Amazon,Nvidia,rtx-3080ti,4
1146,Amazon,Nvidia,rtx-3080ti,12
1147,Amazon,Nvidia,rtx-3090,7
1148,Amazon,Nvidia,rtx-3090,23
1149,Amazon,Nvidia,rtx-3090,23
1150,Amazon,Nvidia,rtx-3090,12
1151,Amazon,Nvidia,rtx-3090,1
1152,Amazon,Nvidia,rtx-3090,7164
1153,Amazon,Nvidia,rtx-3090,12480
1154,Amazon,Nvidia,rtx-3090,1
1155,Amazon,Nvidia,rtx-3090,6006
1156,Amazon,Nvidia,rtx-3090,4122
1157,Amazon,Nvidia,rtx-3090,114
1158,Amazon,Nvidia,rtx-3090,1
1159,Amazon,Nvidia,rtx-3090,162
1160,Amazon,Nvidia,rtx-3090,66
1161,Amazon,Nvidia,rtx-3090,6
1162,Amazon,Nvidia,rtx-3090,1
1163,Amazon,Nvidia,rtx-3090,12
1164,Amazon,Nvidia,rtx-3090,42
1165,Amazon,Nvidia,rtx-3090,252
1166,Amazon,Nvidia,rtx-3090,30
1167,Amazon,Nvidia,rtx-3090,1
1168,Amazon,Nvidia,rtx-3090,1
1169,Amazon,Nvidia,rtx-3090,6
1170,Amazon,Nvidia,rtx-3090,1
1171,Amazon,Nvidia,rtx-3090,1
1172,Amazon,Nvidia,rtx-3090,1
1173,Amazon,Nvidia,rtx-3090,1
1174,Amazon,Nvidia,rtx-3090,6
1175,Amazon,Nvidia,rtx-3090,1
1176,Amazon,Nvidia,rtx-3090,1
1177,Amazon,Nvidia,rtx-3090,1
1178,Amazon,Nvidia,rtx-3090,1
1179,Amazon,Nvidia,rtx-3090,1
1180,Amazon,Nvidia,rtx-3090,1
1181,Amazon,Nvidia,rtx-3090,1
1182,Amazon,Nvidia,rtx-3090,1
1183,Amazon,Nvidia,rtx-3090,57498
1184,Amazon,Nvidia,rtx-3090,1
1185,Amazon,Nvidia,rtx-3090,1
1186,Amazon,Nvidia,rtx-3090,1
1187,Amazon,Nvidia,rtx-3090,6
1188,Amazon,Nvidia,rtx-3090,1
1189,Amazon,Nvidia,rtx-3090,1
1190,Amazon,Nvidia,rtx-3090,1
1191,Amazon,Nvidia,rtx-3090,1
1192,Amazon,Nvidia,rtx-3090,1
1193,Amazon,Nvidia,rtx-3090,1
1194,Amazon,Nvidia,rtx-3090,1
1195,Amazon,Nvidia,rtx-3090,1
1196,Amazon,Nvidia,rtx-3090,1
1197,Amazon,Nvidia,rtx-3090,1
1198,Amazon,Nvidia,rtx-3090,6
1199,Amazon,Nvidia,rtx-3090,1
1200,Amazon,Nvidia,rtx-3090,1
1201,Amazon,Nvidia,rtx-3090,1
1202,Amazon,Nvidia,rtx-3090,1
1203,Amazon,Nvidia,rtx-3090,1
1204,Amazon,Nvidia,rtx-3090,1
1205,Amazon,Nvidia,rtx-3090,1
1206,Amazon,Nvidia,rtx-3090,1
1207,Amazon,Nvidia,rtx-3090,5
1208,Amazon,Nvidia,rtx-3090,1
1209,Amazon,Nvidia,rtx-3090,1
1210,Amazon,Nvidia,rtx-3090,1
1211,Amazon,Nvidia,rtx-3090,1
1212,Amazon,Nvidia,rtx-3090,1
1213,Amazon,Nvidia,rtx-3090,1
1214,Amazon,Nvidia,rtx-3090,1
1215,Amazon,Nvidia,rtx-3090,1
1216,Amazon,Nvidia,rtx-3090,1
1217,Amazon,Nvidia,rtx-3090,1
1218,Amazon,Nvidia,rtx-3090,1
1219,Amazon,Nvidia,rtx-3090,5
1220,Amazon,Nvidia,rtx-3090,1
1221,Amazon,Nvidia,rtx-3090,1
1222,Amazon,Nvidia,rtx-3090,5
1223,Amazon,Nvidia,rtx-3090,1
1224,Amazon,Nvidia,rtx-3090,1
1225,Amazon,Nvidia,rtx-3090,1
1226,Amazon,Nvidia,rtx-3090,1
1227,Amazon,Nvidia,rtx-3090,1
1228,Amazon,Nvidia,rtx-3090,1
1229,Amazon,Nvidia,rtx-3090,1
1230,Amazon,Nvidia,rtx-3090,1
1231,Amazon,Nvidia,rtx-3090,1
1232,Amazon,Nvidia,rtx-3090,1
1233,Amazon,Nvidia,rtx-3090,10
1234,Amazon,Nvidia,rtx-3090,1
1235,Amazon,Nvidia,rtx-3090,1
1236,Amazon,Nvidia,rtx-3090,1
1237,Amazon,Nvidia,rtx-3090,1
1238,Amazon,Nvidia,rtx-3090,1
1239,Amazon,Nvidia,rtx-3090,1
1240,Amazon,Nvidia,rtx-3090,1
1241,Amazon,Nvidia,rtx-3090,1
1242,Amazon,Nvidia,rtx-3090,1
1243,Amazon,Nvidia,rtx-3090,1
1244,Amazon,Nvidia,rtx-3090,1
1245,Amazon,Nvidia,rtx-3090,1
1246,Amazon,Nvidia,rtx-3090,1
1247,Amazon,Nvidia,rtx-3090,1
1248,Amazon,Nvidia,rtx-3090,1
1249,Amazon,Nvidia,rtx-3090,1
1250,Amazon,Nvidia,rtx-3090,1
1251,Amazon,Nvidia,rtx-3090,1
1252,Amazon,Nvidia,rtx-3090,1
1253,Amazon,Nvidia,rtx-3090,1
1254,Amazon,Nvidia,rtx-3090,1
1255,Amazon,Nvidia,rtx-3090,1
1256,Amazon,Nvidia,rtx-3090,1
1257,Amazon,Nvidia,rtx-3090,1
1258,Amazon,Nvidia,rtx-3090,1
1259,Amazon,Nvidia,rtx-3090,1
1260,BestBuy,Nvidia,rtx-3090,1
1261,Amazon,Nvidia,rtx-3090,1
1262,Amazon,Nvidia,rtx-3090,1
1263,Amazon,Nvidia,rtx-3090,1
1264,Amazon,Nvidia,rtx-3090,1
1265,Amazon,Nvidia,rtx-3090,1
1266,Amazon,Nvidia,rtx-3090,1
1267,Amazon,Nvidia,rtx-3090,3
1268,Amazon,Nvidia,rtx-3090,3
1269,Amazon,Nvidia,rtx-3090,3
1270,Amazon,Nvidia,rtx-3090,3
1271,Amazon,Nvidia,rtx-3090,3
1272,Amazon,Nvidia,rtx-3090,3
1273,Amazon,Nvidia,rtx-3090,3
1274,SamsClub,Nvidia,rtx-3090,1215
1275,Amazon,Nvidia,rtx-3090,3
1276,Amazon,Nvidia,rtx-3090,3
1277,Amazon,Nvidia,rtx-3090,3
1278,Amazon,Nvidia,rtx-3090,15
1279,Amazon,Nvidia,rtx-3090,3
1280,Amazon,Nvidia,rtx-3090,42
1281,Amazon,Nvidia,rtx-3090,3
1282,Amazon,Nvidia,rtx-3090,1
1283,Amazon,Nvidia,rtx-3090,3
1284,Amazon,Nvidia,rtx-3090,3
1285,Amazon,Nvidia,rtx-3090,1
1286,Amazon,Nvidia,rtx-3090,15
1287,Amazon,Nvidia,rtx-3090,21
1288,Amazon,Nvidia,rtx-3090,9
1289,Amazon,Nvidia,rtx-3090,9
1290,Amazon,Nvidia,rtx-3090,3
1291,Amazon,Nvidia,rtx-3090,1
1292,Amazon,Nvidia,rtx-3090,3
1293,Amazon,Nvidia,rtx-3090,51
1294,Amazon,Nvidia,rtx-3090,3
1295,Amazon,Nvidia,rtx-3090,72
1296,Amazon,Nvidia,rtx-3090,1
1297,Amazon,Nvidia,rtx-3090,3
1298,Amazon,Nvidia,rtx-3090,9
1299,Amazon,Nvidia,rtx-3090,6
1300,Amazon,Nvidia,rtx-3090,1
1301,Amazon,Nvidia,rtx-3090,3
1302,Amazon,Nvidia,rtx-3090,1
1303,Amazon,Nvidia,rtx-3090,2
1304,Amazon,Nvidia,rtx-3090,3
1305,Amazon,Nvidia,rtx-3090,1
1306,Amazon,Nvidia,rtx-3090,3
1307,Amazon,Nvidia,rtx-3090,3
1308,Amazon,Nvidia,rtx-3090,3
1309,Amazon,Nvidia,rtx-3090,3
1310,Amazon,Nvidia,rtx-3090,45
1311,Amazon,Nvidia,rtx-3090,9
1312,Amazon,Nvidia,rtx-3090,3
1313,Amazon,Nvidia,rtx-3090,3
1314,Amazon,Nvidia,rtx-3090,3
1315,Amazon,Nvidia,rtx-3090,3
1316,Amazon,Nvidia,rtx-3090,15
1317,SamsClub,Nvidia,rtx-3090,21
1318,Amazon,Nvidia,rtx-3090,42
1319,Amazon,Nvidia,rtx-3090,6
1320,Amazon,Nvidia,rtx-3090,255
1321,Amazon,Nvidia,rtx-3090,72
1322,Amazon,Nvidia,rtx-3090,3
1323,Amazon,Nvidia,rtx-3090,1
1324,Amazon,Nvidia,rtx-3090,3
1325,Amazon,Nvidia,rtx-3090,132
1326,Amazon,Nvidia,rtx-3090,3
1327,Amazon,Nvidia,rtx-3090,3
1328,Amazon,Nvidia,rtx-3090,12
1329,Amazon,Nvidia,rtx-3090,9
1330,Amazon,Nvidia,rtx-3090,9
1331,Amazon,Nvidia,rtx-3090,12
1332,Amazon,Nvidia,rtx-3090,21
1333,Amazon,Nvidia,rtx-3090,327
1334,Amazon,Nvidia,rtx-3090,3
1335,Amazon,Nvidia,rtx-3090,3
1336,Amazon,Nvidia,rtx-3090,1
1337,Amazon,Nvidia,rtx-3090,108
1338,Amazon,Nvidia,rtx-3090,3
1339,Amazon,Nvidia,rtx-3090,6
1340,Amazon,Nvidia,rtx-3090,27
1341,Amazon,Nvidia,rtx-3090,243
1342,Amazon,Nvidia,rtx-3090,15
1343,Amazon,Nvidia,rtx-3090,6
1344,Amazon,Nvidia,rtx-3090,1
1345,Amazon,Nvidia,rtx-3090,1
1346,Amazon,Nvidia,rtx-3090,312
1347,Amazon,Nvidia,rtx-3090,18
1348,Amazon,Nvidia,rtx-3090,3
1349,Amazon,Nvidia,rtx-3090,30
1350,Amazon,Nvidia,rtx-3090,3
1351,Amazon,Nvidia,rtx-3090,3
1352,Amazon,Nvidia,rtx-3090,3
1353,Amazon,Nvidia,rtx-3090,3
1354,Amazon,Nvidia,rtx-3090,1
1355,Amazon,Nvidia,rtx-3090,6
1356,Amazon,Nvidia,rtx-3090,9
1357,Amazon,Nvidia,rtx-3090,3
1358,Amazon,Nvidia,rtx-3090,3
1359,Amazon,Nvidia,rtx-3090,3
1360,Amazon,Nvidia,rtx-3090,1
1361,Amazon,Nvidia,rtx-3090,15
1362,Amazon,Nvidia,rtx-3090,1398
1363,Amazon,Nvidia,rtx-3090,1
1364,Amazon,Nvidia,rtx-3090,1
1365,Amazon,Nvidia,rtx-3090,6
1366,Amazon,Nvidia,rtx-3090,1
1367,Amazon,Nvidia,rtx-3090,3
1368,Amazon,Nvidia,rtx-3090,1
1369,Amazon,Nvidia,rtx-3090,1
1370,Amazon,Nvidia,rtx-3090,3
1371,Amazon,Nvidia,rtx-3090,1
1372,Amazon,Nvidia,rtx-3090,1
1373,Amazon,Nvidia,rtx-3090,3
1374,Amazon,Nvidia,rtx-3090,1
1375,Amazon,Nvidia,rtx-3090,3
1376,Amazon,Nvidia,rtx-3090,1
1377,Amazon,Nvidia,rtx-3090,1
1378,Amazon,Nvidia,rtx-3090,1
1379,Amazon,Nvidia,rtx-3090,3
1380,Amazon,Nvidia,rtx-3090,1
1381,Amazon,Nvidia,rtx-3090,1
1382,Amazon,Nvidia,rtx-3090,3
1383,Amazon,Nvidia,rtx-3090,2
1384,Amazon,Nvidia,rtx-3090,1
1385,Amazon,Nvidia,rtx-3090,2
1386,Amazon,Nvidia,rtx-3090,1
1387,Amazon,Nvidia,rtx-3090,1
1388,Amazon,Nvidia,rtx-3090,1
1389,Amazon,Nvidia,rtx-3090,4
1390,Amazon,Nvidia,rtx-3090,4
1391,Amazon,Nvidia,rtx-3090,2
1392,Amazon,Nvidia,rtx-3090,1
1393,Amazon,Nvidia,rtx-3090,2
1394,Amazon,Nvidia,rtx-3090,2
1395,Amazon,Nvidia,rtx-3090,1
1396,Amazon,Nvidia,rtx-3090,1
1397,Amazon,Nvidia,rtx-3090,4
1398,Amazon,Nvidia,rtx-3090,1
1399,Amazon,Nvidia,rtx-3090,2
1400,Amazon,Nvidia,rtx-3090,1
1401,Amazon,Nvidia,rtx-3090,1
1402,Amazon,Nvidia,rtx-3090,2
1403,Amazon,Nvidia,rtx-3090,2
1404,Amazon,Nvidia,rtx-3090,4
1405,Amazon,Nvidia,rtx-3090,4
1406,Amazon,Nvidia,rtx-3090,1
1407,Amazon,Nvidia,rtx-3090,4
1408,Amazon,Nvidia,rtx-3090,1
1409,Amazon,Nvidia,rtx-3090,1
1410,Amazon,Nvidia,rtx-3090,1
1411,Amazon,Nvidia,rtx-3090,6
1412,Amazon,Nvidia,rtx-3090,1
1413,Amazon,Nvidia,rtx-3090,1
1414,Amazon,Nvidia,rtx-3090,4
1415,Amazon,Nvidia,rtx-3090,2
1416,Amazon,Nvidia,rtx-3090,4
1417,Amazon,Nvidia,rtx-3090,1
1418,Amazon,Nvidia,rtx-3090,1
1419,Amazon,Nvidia,rtx-3090,4
1420,Amazon,Nvidia,rtx-3090,2
1421,Amazon,Nvidia,rtx-3090,1
1422,Amazon,Nvidia,rtx-3090,1
1423,Amazon,Nvidia,rtx-3090,4
1424,Amazon,Nvidia,rtx-3090,2
1425,Amazon,Nvidia,rtx-3090,2
1426,Amazon,Nvidia,rtx-3090,1
1427,Amazon,Nvidia,rtx-3090,1
1428,Amazon,Nvidia,rtx-3090,4
1429,Amazon,Nvidia,rtx-3090,1
1430,Amazon,Nvidia,rtx-3090,2
1431,Amazon,Nvidia,rtx-3090,1
1432,Amazon,Nvidia,rtx-3090,2
1433,Amazon,Nvidia,rtx-3090,1
1434,Amazon,Nvidia,rtx-3090,1
1435,Amazon,Nvidia,rtx-3090,4
1436,Amazon,Nvidia,rtx-3090,1
1437,Amazon,Nvidia,rtx-3090,1
1438,Amazon,Nvidia,rtx-3090,1
1439,Amazon,Nvidia,rtx-3090,4
1440,Amazon,Nvidia,rtx-3090,1
1441,Amazon,Nvidia,rtx-3090,2
1442,Amazon,Nvidia,rtx-3090,4
1443,Amazon,Nvidia,rtx-3090,4
1444,Amazon,Nvidia,rtx-3090,2
1445,Amazon,Nvidia,rtx-3090,1
1446,Amazon,Nvidia,rtx-3090,1
1447,Amazon,Nvidia,rtx-3090,1
1448,Amazon,Nvidia,rtx-3090,4
1449,Amazon,Nvidia,rtx-3090,1
1450,Amazon,Nvidia,rtx-3090,1
1451,Amazon,Nvidia,rtx-3090,1
1452,Amazon,Nvidia,rtx-3090,1
1453,Amazon,Nvidia,rtx-3090,1
1454,Amazon,Nvidia,rtx-3090,1
1455,Amazon,Nvidia,rtx-3090,1
1456,Amazon,Nvidia,rtx-3090,3
1457,Amazon,Nvidia,rtx-3090,3
1458,Amazon,Nvidia,rtx-3090,1
1459,Amazon,Nvidia,rtx-3090,1
1460,Amazon,Nvidia,rtx-3080,3
1461,Amazon,Nvidia,rtx-3080,3
1462,Amazon,Nvidia,rtx-3080,3
1463,Amazon,Nvidia,rtx-3080,1
1464,Amazon,Nvidia,rtx-3080,40
1465,Amazon,Nvidia,rtx-3080,1
1466,Amazon,Nvidia,rtx-3080,1
1467,Amazon,Nvidia,rtx-3080,10
1468,Amazon,Nvidia,rtx-3080,1
1469,Amazon,Nvidia,rtx-3080,4
1470,Amazon,Nvidia,rtx-3080,1
1471,Amazon,Nvidia,rtx-3080,1
1472,Amazon,Nvidia,rtx-3080,1
1473,Amazon,Nvidia,rtx-3080,3
1474,Amazon,Nvidia,rtx-3080,1
1475,Amazon,Nvidia,rtx-3080,1
1476,Amazon,Nvidia,rtx-3080,1
1477,Amazon,Nvidia,rtx-3080,1
1478,Amazon,Nvidia,rtx-3080,1
1479,Amazon,Nvidia,rtx-3080,1
1480,Amazon,Nvidia,rtx-3080,1
1481,Amazon,Nvidia,rtx-3080,35
1482,Amazon,Nvidia,rtx-3080,39
1483,Amazon,Nvidia,rtx-3080,54
1484,Amazon,Nvidia,rtx-3080,36
1485,Amazon,Nvidia,rtx-3080,61
1486,Amazon,Nvidia,rtx-3080,29
1487,Amazon,Nvidia,rtx-3080,49
1488,Amazon,Nvidia,rtx-3080,16
1489,Amazon,Nvidia,rtx-3080,6
1490,Amazon,Nvidia,rtx-3080,9
1491,Amazon,Nvidia,rtx-3080,5
1492,Amazon,Nvidia,rtx-3080,5
1493,Amazon,Nvidia,rtx-3080,1
1494,Amazon,Nvidia,rtx-3080,9394
1495,Amazon,Nvidia,rtx-3080,45
1496,Amazon,Nvidia,rtx-3080,36
1497,Amazon,Nvidia,rtx-3080,315
1498,Amazon,Nvidia,rtx-3080,391
1499,Amazon,Nvidia,rtx-3080,10640
1500,Amazon,Nvidia,rtx-3080,10640
1501,Amazon,Nvidia,rtx-3080,1
1502,Amazon,Nvidia,rtx-3080,9
1503,Amazon,Nvidia,rtx-3080,1
1504,Amazon,Nvidia,rtx-3080,1
1505,Amazon,Nvidia,rtx-3080,349
1506,Amazon,Nvidia,rtx-3080,1
1507,Amazon,Nvidia,rtx-3080,1
1508,Amazon,Nvidia,rtx-3080,1
1509,Amazon,Nvidia,rtx-3080,1
1510,Amazon,Nvidia,rtx-3080,4
1511,Amazon,Nvidia,rtx-3080,1
1512,Amazon,Nvidia,rtx-3080,9761
1513,Amazon,Nvidia,rtx-3080,1
1514,Amazon,Nvidia,rtx-3080,1
1515,Amazon,Nvidia,rtx-3080,1
1516,Amazon,Nvidia,rtx-3080,1
1517,Amazon,Nvidia,rtx-3080,19186
1518,Amazon,Nvidia,rtx-3080,1
1519,Amazon,Nvidia,rtx-3080,1
1520,Amazon,Nvidia,rtx-3080,1
1521,Amazon,Nvidia,rtx-3080,1
1522,Amazon,Nvidia,rtx-3080,1
1523,Amazon,Nvidia,rtx-3080,1
1524,Amazon,Nvidia,rtx-3080,5
1525,Amazon,Nvidia,rtx-3080,45295
1526,Amazon,Nvidia,rtx-3080,1
1527,Amazon,Nvidia,rtx-3080,180
1528,Amazon,Nvidia,rtx-3080,51
1529,Amazon,Nvidia,rtx-3080,1
1530,Amazon,Nvidia,rtx-3080,16
1531,Amazon,Nvidia,rtx-3080,19
1532,Amazon,Nvidia,rtx-3080,405
1533,Amazon,Nvidia,rtx-3080,34
1534,Amazon,Nvidia,rtx-3080,15
1535,Amazon,Nvidia,rtx-3080,1
1536,Amazon,Nvidia,rtx-3080,155
1537,Amazon,Nvidia,rtx-3080,1
1538,Amazon,Nvidia,rtx-3080,5
1539,Amazon,Nvidia,rtx-3080,1
1540,Amazon,Nvidia,rtx-3080,25
1541,Amazon,Nvidia,rtx-3080,106
1542,Amazon,Nvidia,rtx-3080,295
1543,Amazon,Nvidia,rtx-3080,186
1544,Amazon,Nvidia,rtx-3080,29
1545,Amazon,Nvidia,rtx-3080,1
1546,Amazon,Nvidia,rtx-3080,36
1547,Amazon,Nvidia,rtx-3080,1
1548,Amazon,Nvidia,rtx-3080,15
1549,Amazon,Nvidia,rtx-3080,16
1550,Amazon,Nvidia,rtx-3080,1
1551,Amazon,Nvidia,rtx-3080,1
1552,Amazon,Nvidia,rtx-3080,17
1553,Amazon,Nvidia,rtx-3080,331
1554,Amazon,Nvidia,rtx-3080,849
1555,Amazon,Nvidia,rtx-3080,5
1556,Amazon,Nvidia,rtx-3080,1
1557,Amazon,Nvidia,rtx-3080,1
1558,Amazon,Nvidia,rtx-3080,1
1559,Amazon,Nvidia,rtx-3080,5
1560,Amazon,Nvidia,rtx-3080,1
1561,Amazon,Nvidia,rtx-3080,1
1562,Amazon,Nvidia,rtx-3080,3
1563,Amazon,Nvidia,rtx-3080,1
1564,Amazon,Nvidia,rtx-3080,4
1565,Amazon,Nvidia,rtx-3080,1
1566,Amazon,Nvidia,rtx-3080,1
1567,Amazon,Nvidia,rtx-3080,28
1568,Amazon,Nvidia,rtx-3080,1
1569,Amazon,Nvidia,rtx-3080,1
1570,Amazon,Nvidia,rtx-3080,1
1571,SamsClub,Nvidia,rtx-3080,28
1572,Amazon,Nvidia,rtx-3080,4
1573,Amazon,Nvidia,rtx-3080,4
1574,Amazon,Nvidia,rtx-3080,4
1575,Amazon,Nvidia,rtx-3080,4
1576,Amazon,Nvidia,rtx-3080,2
1577,Amazon,Nvidia,rtx-3080,1
1578,Amazon,Nvidia,rtx-3080,2
1579,Amazon,Nvidia,rtx-3080,4
1580,Amazon,Nvidia,rtx-3080,2
1581,Amazon,Nvidia,rtx-3080,1
1582,Amazon,Nvidia,rtx-3080,1
1583,BHPhotoVideo,Nvidia,rtx-3080,1
1584,BestBuy,Nvidia,rtx-3080,1
1585,BestBuy,Nvidia,rtx-3080,1
1586,BestBuy,Nvidia,rtx-3080,1
1587,BestBuy,Nvidia,rtx-3080,1
1588,BestBuy,Nvidia,rtx-3080,1
1589,BestBuy,Nvidia,rtx-3080,6
1590,BestBuy,Nvidia,rtx-3080,1
1591,BestBuy,Nvidia,rtx-3080,1
1592,Amazon,Nvidia,rtx-3080,1
1593,Amazon,Nvidia,rtx-3080,1
1594,BestBuy,Nvidia,rtx-3080,1338
1595,BestBuy,Nvidia,rtx-3080,1
1596,BestBuy,Nvidia,rtx-3080,1020
1597,BestBuy,Nvidia,rtx-3080,1
1598,BestBuy,Nvidia,rtx-3080,1
1599,BestBuy,Nvidia,rtx-3080,24
1600,BestBuy,Nvidia,rtx-3080,1
1601,BestBuy,Nvidia,rtx-3080,1
1602,BestBuy,Nvidia,rtx-3080,1
1603,BestBuy,Nvidia,rtx-3080,2
1604,BestBuy,Nvidia,rtx-3080,1
1605,BestBuy,Nvidia,rtx-3080,1
1606,BestBuy,Nvidia,rtx-3080,1
1607,BestBuy,Nvidia,rtx-3080,1
1608,BestBuy,Nvidia,rtx-3080,1
1609,BestBuy,Nvidia,rtx-3080,4
1610,BestBuy,Nvidia,rtx-3080,4
1611,BestBuy,Nvidia,rtx-3080,1
1612,BestBuy,Nvidia,rtx-3080,1
1613,Amazon,Nvidia,rtx-3080,1
1614,Amazon,Nvidia,rtx-3080,1
1615,BestBuy,Nvidia,rtx-3080,1
1616,BestBuy,Nvidia,rtx-3080,3
1617,Amazon,Nvidia,rtx-3080,1
1618,BHPhotoVideo,Nvidia,rtx-3060ti,1
1619,Amazon,Nvidia,rtx-3060ti,1
1620,Amazon,Nvidia,rtx-3060ti,2
1621,Amazon,Nvidia,rtx-3060ti,2
1622,Amazon,Nvidia,rtx-3060ti,1
1623,Amazon,Nvidia,rtx-3060ti,1
1624,Amazon,Nvidia,rtx-3060ti,16
1625,Amazon,Nvidia,rtx-3060ti,53
1626,Amazon,Nvidia,rtx-3060ti,15
1627,Amazon,Nvidia,rtx-3060ti,291
1628,Amazon,Nvidia,rtx-3060ti,1
1629,Amazon,Nvidia,rtx-3060ti,87
1630,Amazon,Nvidia,rtx-3060ti,18
1631,Amazon,Nvidia,rtx-3060ti,318
1632,Amazon,Nvidia,rtx-3060ti,24
1633,Amazon,Nvidia,rtx-3060ti,26
1634,Amazon,Nvidia,rtx-3060ti,1
1635,Amazon,Nvidia,rtx-3060ti,18
1636,Amazon,Nvidia,rtx-3060ti,1
1637,Amazon,Nvidia,rtx-3060ti,7
1638,Amazon,Nvidia,rtx-3060ti,10
1639,Amazon,Nvidia,rtx-3060ti,9
1640,Amazon,Nvidia,rtx-3060ti,51
1641,Amazon,Nvidia,rtx-3060ti,9
1642,Amazon,Nvidia,rtx-3060ti,1
1643,Amazon,Nvidia,rtx-3060ti,1
1644,Amazon,Nvidia,rtx-3060ti,1
1645,Amazon,Nvidia,rtx-3060ti,84
1646,Amazon,Nvidia,rtx-3060ti,1
1647,Amazon,Nvidia,rtx-3060ti,1029
1648,Amazon,Nvidia,rtx-3060ti,32
1649,Amazon,Nvidia,rtx-3060ti,1
1650,Amazon,Nvidia,rtx-3060ti,7
1651,Amazon,Nvidia,rtx-3060ti,1
1652,Amazon,Nvidia,rtx-3060ti,29838
1653,Amazon,Nvidia,rtx-3060ti,8204
1654,Amazon,Nvidia,rtx-3060ti,688
1655,Amazon,Nvidia,rtx-3060ti,152
1656,Amazon,Nvidia,rtx-3060ti,17
1657,Amazon,Nvidia,rtx-3060ti,45
1658,Amazon,Nvidia,rtx-3060ti,8
1659,Amazon,Nvidia,rtx-3060ti,420
1660,Amazon,Nvidia,rtx-3060ti,1
1661,Amazon,Nvidia,rtx-3060ti,1
1662,Amazon,Nvidia,rtx-3060ti,9
1663,Amazon,Nvidia,rtx-3060ti,9
1664,Amazon,Nvidia,rtx-3060ti,1
1665,Amazon,Nvidia,rtx-3060ti,8
1666,Amazon,Nvidia,rtx-3060ti,1
1667,Amazon,Nvidia,rtx-3060ti,1
1668,Amazon,Nvidia,rtx-3060ti,1
1669,Amazon,Nvidia,rtx-3060ti,1
1670,Amazon,Nvidia,rtx-3060ti,1
1671,Amazon,Nvidia,rtx-3060ti,1
1672,Amazon,Nvidia,rtx-3060ti,403
1673,Amazon,Nvidia,rtx-3060ti,1
1674,Amazon,Nvidia,rtx-3060ti,7
1675,Amazon,Nvidia,rtx-3060ti,1
1676,Amazon,Nvidia,rtx-3060ti,1
1677,Amazon,Nvidia,rtx-3060ti,1
1678,Amazon,Nvidia,rtx-3060ti,1
1679,Amazon,Nvidia,rtx-3060ti,1
1680,Amazon,Nvidia,rtx-3060ti,1
1681,Amazon,Nvidia,rtx-3060ti,1
1682,Amazon,Nvidia,rtx-3060ti,1
1683,Amazon,Nvidia,rtx-3060ti,1
1684,Amazon,Nvidia,rtx-3060ti,1
1685,Amazon,Nvidia,rtx-3060ti,7
1686,Amazon,Nvidia,rtx-3060ti,1
1687,Amazon,Nvidia,rtx-3060ti,1
1688,Amazon,Nvidia,rtx-3060ti,1
1689,Amazon,Nvidia,rtx-3060ti,1
1690,Amazon,Nvidia,rtx-3060ti,1
1691,Amazon,Nvidia,rtx-3060ti,7
1692,BestBuy,Nvidia,rtx-3060ti,1
1693,Amazon,Nvidia,rtx-3060ti,53
1694,Amazon,Nvidia,rtx-3060ti,1
1695,Amazon,Nvidia,rtx-3060ti,22
1696,Amazon,Nvidia,rtx-3060ti,7
1697,Amazon,Nvidia,rtx-3060ti,4
1698,Amazon,Nvidia,rtx-3060ti,1
1699,Amazon,Nvidia,rtx-3060ti,1
1700,BestBuy,Nvidia,rtx-3060,1
1701,Amazon,Nvidia,rtx-3060,1
1702,Amazon,Nvidia,rtx-3060,1
1703,Amazon,Nvidia,rtx-3060,3
1704,Amazon,Nvidia,rtx-3060,14
1705,Amazon,Nvidia,rtx-3060,60
1706,Amazon,Nvidia,rtx-3060,21
1707,Amazon,Nvidia,rtx-3060,53
1708,Amazon,Nvidia,rtx-3060,180
1709,Amazon,Nvidia,rtx-3060,108
1710,Amazon,Nvidia,rtx-3060,607
1711,Amazon,Nvidia,rtx-3060,85
1712,Amazon,Nvidia,rtx-3060,54
1713,Amazon,Nvidia,rtx-3060,1
1714,Amazon,Nvidia,rtx-3060,32
1715,Amazon,Nvidia,rtx-3060,240
1716,Amazon,Nvidia,rtx-3060,26
1717,Amazon,Nvidia,rtx-3060,7
1718,Amazon,Nvidia,rtx-3060,21
1719,Amazon,Nvidia,rtx-3060,24
1720,Amazon,Nvidia,rtx-3060,24
1721,Amazon,Nvidia,rtx-3060,10
1722,Amazon,Nvidia,rtx-3060,36
1723,Amazon,Nvidia,rtx-3060,1
1724,Amazon,Nvidia,rtx-3060,14
1725,Amazon,Nvidia,rtx-3060,21
1726,Amazon,Nvidia,rtx-3060,53
1727,Amazon,Nvidia,rtx-3060,19
1728,Amazon,Nvidia,rtx-3060,173
1729,Amazon,Nvidia,rtx-3060,81
1730,Amazon,Nvidia,rtx-3060,24
1731,Amazon,Nvidia,rtx-3060,6
1732,Amazon,Nvidia,rtx-3060,53
1733,Amazon,Nvidia,rtx-3060,60
1734,Amazon,Nvidia,rtx-3060,1
1735,Amazon,Nvidia,rtx-3060,25
1736,Amazon,Nvidia,rtx-3060,406
1737,Amazon,Nvidia,rtx-3060,19
1738,Amazon,Nvidia,rtx-3060,81
1739,Amazon,Nvidia,rtx-3060,54
1740,Amazon,Nvidia,rtx-3060,14
1741,Amazon,Nvidia,rtx-3060,22
1742,Amazon,Nvidia,rtx-3060,7
1743,Amazon,Nvidia,rtx-3060,1
1744,Amazon,Nvidia,rtx-3060,1
1745,Amazon,Nvidia,rtx-3060,21
1746,Amazon,Nvidia,rtx-3060,204
1747,Amazon,Nvidia,rtx-3060,7
1748,Amazon,Nvidia,rtx-3060,4
1749,Amazon,Nvidia,rtx-3060,7
1750,Amazon,Nvidia,rtx-3060,1
1751,Amazon,Nvidia,rtx-3060,127
1752,Amazon,Nvidia,rtx-3060,21
1753,Amazon,Nvidia,rtx-3060,6
1754,Amazon,Nvidia,rtx-3060,7
1755,Amazon,Nvidia,rtx-3060,7
1756,Amazon,Nvidia,rtx-3060,18
1757,Amazon,Nvidia,rtx-3060,68
1758,Amazon,Nvidia,rtx-3060,1
1759,Amazon,Nvidia,rtx-3060,1
1760,Amazon,Nvidia,rtx-3060,7
1761,Amazon,Nvidia,rtx-3060,32
1762,Amazon,Nvidia,rtx-3060,32
1763,Amazon,Nvidia,rtx-3060,14
1764,Amazon,Nvidia,rtx-3060,68
1765,Amazon,Nvidia,rtx-3060,8
1766,Amazon,Nvidia,rtx-3060,1
1767,Amazon,Nvidia,rtx-3060,1
1768,Amazon,Nvidia,rtx-3060,233
1769,Amazon,Nvidia,rtx-3060,139
1770,Amazon,Nvidia,rtx-3060,1
1771,Amazon,Nvidia,rtx-3060,1
1772,Amazon,Nvidia,rtx-3060,1
1773,Amazon,Nvidia,rtx-3060,1
1774,Amazon,Nvidia,rtx-3060,4
1775,Amazon,Nvidia,rtx-3060,7
1776,Amazon,Nvidia,rtx-3060,29827
1777,Amazon,Nvidia,rtx-3060,199
1778,Amazon,Nvidia,rtx-3060,1
1779,Amazon,Nvidia,rtx-3060,8306
1780,Amazon,Nvidia,rtx-3060,1
1781,Amazon,Nvidia,rtx-3060,352
1782,Amazon,Nvidia,rtx-3060,39
1783,Amazon,Nvidia,rtx-3060,53
1784,Amazon,Nvidia,rtx-3060,19
1785,Amazon,Nvidia,rtx-3060,7
1786,Amazon,Nvidia,rtx-3060,1
1787,Amazon,Nvidia,rtx-3060,95
1788,Amazon,Nvidia,rtx-3060,1
1789,Amazon,Nvidia,rtx-3060,173
1790,Amazon,Nvidia,rtx-3060,1
1791,BestBuy,Nvidia,rtx-3060,106
1792,Amazon,Nvidia,rtx-3060,1
1793,Amazon,Nvidia,rtx-3060,1
1794,Amazon,Nvidia,rtx-3060,1
1795,Amazon,Nvidia,rtx-3060,1
1796,BestBuy,Nvidia,rtx-3060,92
1797,Amazon,Nvidia,rtx-3060,4
1798,Amazon,Nvidia,rtx-3060,7
1799,Amazon,Nvidia,rtx-3060,1
1800,Amazon,Nvidia,rtx-3060,1
1801,Amazon,Nvidia,rtx-3060,1
1802,Amazon,Nvidia,rtx-3060,1
1803,Amazon,Nvidia,rtx-3060,1
1804,Amazon,Nvidia,rtx-3060,7
1805,Amazon,Nvidia,rtx-3060,1
1806,Amazon,Nvidia,rtx-3060,4
1807,Amazon,Nvidia,rtx-3060,1
1808,Amazon,Nvidia,rtx-3060,1
1809,Amazon,Nvidia,rtx-3060,1
1810,Amazon,Nvidia,rtx-3060,1
1811,BestBuy,Nvidia,rtx-3060,547
1812,Amazon,Nvidia,rtx-3060,1
1813,Amazon,Nvidia,rtx-3060,1
1814,Amazon,Nvidia,rtx-3060,1
1815,Amazon,Nvidia,rtx-3060,1
1816,Amazon,Nvidia,rtx-3060,1
1817,Amazon,Nvidia,rtx-3060,1
1818,Amazon,Nvidia,rtx-3060,1
1819,Amazon,Nvidia,rtx-3060,1
1820,Amazon,Nvidia,rtx-3060,1
1821,Amazon,Nvidia,rtx-3060,1
1822,Amazon,Nvidia,rtx-3060,1
1823,Amazon,Nvidia,rtx-3060,1
1824,Amazon,Nvidia,rtx-3060,1
1825,Amazon,Nvidia,rtx-3060,1
1826,Amazon,Nvidia,rtx-3060,7
1827,Amazon,Nvidia,rtx-3060,1
1828,Amazon,Nvidia,rtx-3060,1
1829,Amazon,Nvidia,rtx-3060,7
1830,Amazon,Nvidia,rtx-3060,42
1831,Amazon,Nvidia,rtx-3060,4
1832,Amazon,Nvidia,rtx-3060,1
1833,Amazon,Nvidia,rtx-3060,1
1834,Amazon,Nvidia,rtx-3060,1
1835,Amazon,Nvidia,rtx-3060,6
1836,Amazon,Nvidia,rtx-3060,1
1837,Amazon,Nvidia,rtx-3060,1
1838,Amazon,Nvidia,rtx-3060,1
1839,Amazon,Nvidia,rtx-3060,1
1840,Amazon,Nvidia,rtx-3060,28
1841,Amazon,Nvidia,rtx-3060,1
1842,Amazon,Nvidia,rtx-3060,1
1843,Amazon,Nvidia,rtx-3060,8
1844,Amazon,Nvidia,rtx-3060,1
1845,Amazon,Nvidia,rtx-3060,10
1846,Amazon,Nvidia,rtx-3060,1
1847,Amazon,Nvidia,rtx-3060,7
1848,Amazon,Nvidia,rtx-3060,1
1849,Amazon,Nvidia,rtx-3060,7
1850,Amazon,Nvidia,rtx-3060,7
1851,Amazon,Nvidia,rtx-3060,27
1852,Amazon,Nvidia,rtx-3060,8
1853,Amazon,Nvidia,rtx-3060,1
1854,Amazon,Nvidia,rtx-3060,1
1855,Amazon,Nvidia,rtx-3060,16
1856,Amazon,Nvidia,rtx-3060,8
1857,Amazon,Nvidia,rtx-3060,1
1858,Amazon,Nvidia,rtx-3060,28
1859,Amazon,Nvidia,rtx-3060,1
1860,Amazon,Nvidia,rtx-3060,1
1861,Amazon,Nvidia,rtx-3060,1
1862,Amazon,Nvidia,rtx-3060,1
1863,Amazon,Nvidia,rtx-3060,1
1864,Amazon,Nvidia,rtx-3060,1
1865,Amazon,Nvidia,rtx-3060,1
1866,Amazon,Nvidia,rtx-3060,1
1867,Amazon,Nvidia,rtx-3060,1
1868,Amazon,Nvidia,rtx-3060,1
1869,Amazon,Nvidia,rtx-3060,1
1870,Amazon,Nvidia,rtx-3060,1
1871,Amazon,Nvidia,rtx-3060,8
1872,Amazon,Nvidia,rtx-3060,1
1873,Amazon,Nvidia,rtx-3060,1
1874,Amazon,Nvidia,rtx-3060,1
1875,Amazon,Nvidia,rtx-3060,1
1876,Amazon,Nvidia,rtx-3060,1
1877,Amazon,Nvidia,rtx-3060,1
1878,Amazon,Nvidia,rtx-3060,1
1879,Amazon,Nvidia,rtx-3060,1
1880,Amazon,Nvidia,rtx-3060,1
1881,Amazon,Nvidia,rtx-3060,1
1882,Amazon,Nvidia,rtx-3060,1
1883,Amazon,Nvidia,rtx-3060,4
1884,Amazon,Nvidia,rtx-3060,1
1885,Amazon,Nvidia,rtx-3060,1
1886,Amazon,Nvidia,rtx-3060,12
1887,Amazon,Nvidia,rtx-3060,8
1888,Amazon,Nvidia,rtx-3060,1
1889,Amazon,Nvidia,rtx-3060,1
1890,Amazon,Nvidia,rtx-3060,1
1891,Amazon,Nvidia,rtx-3060,4
1892,Amazon,Nvidia,rtx-3060,1
1893,Amazon,Nvidia,rtx-3060,1
1894,Amazon,Nvidia,rtx-3060,1
1895,Amazon,Nvidia,rtx-3060,12
1896,Amazon,Nvidia,rtx-3060,1
1897,Amazon,Nvidia,rtx-3060,1
1898,Amazon,Nvidia,rtx-3060,1
1899,Amazon,Nvidia,rtx-3060,1
1900,Amazon,Nvidia,rtx-3060,1
1901,Amazon,Nvidia,rtx-3060,1
1902,Amazon,Nvidia,rtx-3060,1
1903,Amazon,Nvidia,rtx-3060,1
1904,Amazon,Nvidia,rtx-3060,8
1905,Amazon,Nvidia,rtx-3060,4
1906,Amazon,Nvidia,rtx-3060,1
1907,Amazon,Nvidia,rtx-3060,1
1908,Amazon,Nvidia,rtx-3060,1
1909,Amazon,Nvidia,rtx-3060,1
1910,Amazon,Nvidia,rtx-3060,1
1911,Amazon,Nvidia,rtx-3060,1
1912,Amazon,Nvidia,rtx-3060,1
1913,Amazon,Nvidia,rtx-3060,1
1914,Amazon,Nvidia,rtx-3060,1
1915,Amazon,Nvidia,rtx-3060,4
1916,Amazon,Nvidia,rtx-3060,1
1917,Amazon,Nvidia,rtx-3060,1
1918,Amazon,Nvidia,rtx-3060,944
1919,Amazon,Nvidia,rtx-3060,1
1920,Amazon,Nvidia,rtx-3060,1
1921,Amazon,Nvidia,rtx-3060,1
1922,Amazon,Nvidia,rtx-3060,1
1923,Amazon,Nvidia,rtx-3060,1
1924,Amazon,Nvidia,rtx-3060,1
1925,Amazon,Nvidia,rtx-3060,8
1926,Amazon,Nvidia,rtx-3060,1
1927,Amazon,Nvidia,rtx-3060,1
1928,Amazon,Nvidia,rtx-3060,1
1929,Amazon,Nvidia,rtx-3060,1
1930,Amazon,Nvidia,rtx-3060,1
1931,Amazon,Nvidia,rtx-3060,1
1932,Amazon,Nvidia,rtx-3060,1580
1933,Amazon,Nvidia,rtx-3060,1
1934,Amazon,Nvidia,rtx-3060,4
1935,Amazon,Nvidia,rtx-3060,1
1936,Amazon,Nvidia,rtx-3060,1
1937,Amazon,Nvidia,rtx-3060,1
1938,Amazon,Nvidia,rtx-3060,1
1939,Amazon,Nvidia,rtx-3060,4
1940,Amazon,Nvidia,rtx-3060,1
1941,Amazon,Nvidia,rtx-3060,8
1942,Amazon,Nvidia,rtx-3060,1
1943,Amazon,Nvidia,rtx-3060,1
1944,Amazon,Nvidia,rtx-3060,1
1945,Amazon,Nvidia,rtx-3060,1
1946,Amazon,Nvidia,rtx-3060,1
1947,Amazon,Nvidia,rtx-3060,1
1948,Amazon,Nvidia,rtx-3060,1
1949,Amazon,Nvidia,rtx-3060,1
1950,Amazon,Nvidia,rtx-3060,1
1951,Amazon,Nvidia,rtx-3060,1
1952,Amazon,Nvidia,rtx-3060,8
1953,Amazon,Nvidia,rtx-3060,1
1954,Amazon,Nvidia,rtx-3060,1
1955,Amazon,Nvidia,rtx-3060,8
1956,Amazon,Nvidia,rtx-3060,1
1957,Amazon,Nvidia,rtx-3060,1
1958,Amazon,Nvidia,rtx-3060,1
1959,Amazon,Nvidia,rtx-3060,1
1960,Amazon,Nvidia,rtx-3060,1
1961,Amazon,Nvidia,rtx-3060,1
1962,Amazon,Nvidia,rtx-3060,1
1963,Amazon,Nvidia,rtx-3060,8
1964,Amazon,Nvidia,rtx-3060,1
1965,Amazon,Nvidia,rtx-3060,1
1966,Amazon,Nvidia,rtx-3060,1
1967,Amazon,Nvidia,rtx-3060,1
1968,Amazon,Nvidia,rtx-3060,1
1969,Amazon,Nvidia,rtx-3060,6
1970,Amazon,Nvidia,rtx-3060,6
1971,Amazon,Nvidia,rtx-3060,24
1972,Amazon,Nvidia,rtx-3060,1
1973,Amazon,Nvidia,rtx-3060,1
1974,Amazon,Nvidia,rtx-3060,24
1975,Amazon,Nvidia,rtx-3060,1
1976,Amazon,Nvidia,rtx-3060,30
1977,Amazon,Nvidia,rtx-3060,1
1978,Amazon,Nvidia,rtx-3060,1
1979,Amazon,Nvidia,rtx-3060,1
1980,Amazon,Nvidia,rtx-3060,6
1981,Amazon,Nvidia,rtx-3060,1
1982,Amazon,Nvidia,rtx-3060,1
1983,Amazon,Nvidia,rtx-3060,1
1984,Amazon,Nvidia,rtx-3060,6
1985,Amazon,Nvidia,rtx-3060,1
1986,Amazon,Nvidia,rtx-3060,6
1987,Amazon,Nvidia,rtx-3060,120
1988,Amazon,Nvidia,rtx-3060,108
1989,Amazon,Nvidia,rtx-3060,18
1990,Amazon,Nvidia,rtx-3060,18
1991,Amazon,Nvidia,rtx-3060,6
1992,Amazon,Nvidia,rtx-3060,396
1993,Amazon,Nvidia,rtx-3060,132
1994,Amazon,Nvidia,rtx-3060,252
1995,Amazon,Nvidia,rtx-3060,1
1996,Amazon,Nvidia,rtx-3060,6
1997,Amazon,Nvidia,rtx-3060,1
1998,Amazon,Nvidia,rtx-3060,1
1999,Amazon,Nvidia,rtx-3060,1
2000,Amazon,Nvidia,rtx-3060,1
2001,Amazon,Nvidia,rtx-3060,1
2002,Amazon,Nvidia,rtx-3060,1
2003,Amazon,Nvidia,rtx-3060,1
2004,Amazon,Nvidia,rtx-3060,1
2005,Amazon,Nvidia,rtx-3060,1
2006,Amazon,Nvidia,rtx-3060,1
2007,Amazon,Nvidia,rtx-3060,1
2008,Amazon,Nvidia,rtx-3060,1
2009,Amazon,Nvidia,rtx-3060,7
2010,Amazon,Nvidia,rtx-3060,1
2011,Amazon,Nvidia,rtx-3060,1
2012,Amazon,Nvidia,rtx-3060,152
2013,Amazon,Nvidia,rtx-3060,148
2014,Amazon,Nvidia,rtx-3060,95
2015,Amazon,Nvidia,rtx-3060,505
2016,Amazon,Nvidia,rtx-3060,85
