stores,Company,chipset,time
Amazon,Nvidia,rtx-3070,712
Amazon,Nvidia,rtx-3070,40
Amazon,Nvidia,rtx-3070,4
Amazon,Nvidia,rtx-3070,548
Amazon,Nvidia,rtx-3070,500
Amazon,Nvidia,rtx-3070,1
Amazon,Nvidia,rtx-3070,88
Amazon,Nvidia,rtx-3070,64
Amazon,Nvidia,rtx-3070,4
Amazon,Nvidia,rtx-3070,580
Amazon,Nvidia,rtx-3070,88
Amazon,Nvidia,rtx-3070,12
Amazon,Nvidia,rtx-3070,1
Amazon,Nvidia,rtx-3070,5008
Amazon,Nvidia,rtx-3070,40
Amazon,Nvidia,rtx-3070,28
Amazon,Nvidia,rtx-3070,344
Amazon,Nvidia,rtx-3070,1069
Amazon,Nvidia,rtx-3070,1
Amazon,Nvidia,rtx-3070,336
Amazon,Nvidia,rtx-3070,1
Amazon,Nvidia,rtx-3070,4
Amazon,Nvidia,rtx-3070,1188
Amazon,Nvidia,rtx-3070,4
Amazon,Nvidia,rtx-3070,1
Amazon,Nvidia,rtx-3070,1
Amazon,Nvidia,rtx-3070,4
Amazon,Nvidia,rtx-3070,1
Amazon,Nvidia,rtx-3070,1
Amazon,Nvidia,rtx-3070,1
Amazon,Nvidia,rtx-3070,1
Amazon,Nvidia,rtx-3070,18824
Amazon,Nvidia,rtx-3070,4
Amazon,Nvidia,rtx-3070,280
Amazon,Nvidia,rtx-3070,656
Amazon,Nvidia,rtx-3070,852
Amazon,Nvidia,rtx-3070,1584
Amazon,Nvidia,rtx-3070,2820
Amazon,Nvidia,rtx-3070,476
Amazon,Nvidia,rtx-3070,1
Amazon,Nvidia,rtx-3070,1896
Amazon,Nvidia,rtx-3070,1
Amazon,Nvidia,rtx-3070,24
Amazon,Nvidia,rtx-3070,4
Amazon,Nvidia,rtx-3070,4
Amazon,Nvidia,rtx-3070,8
Amazon,Nvidia,rtx-3070,72
Amazon,Nvidia,rtx-3070,100
Amazon,Nvidia,rtx-3070,308
Amazon,Nvidia,rtx-3070,172
Amazon,Nvidia,rtx-3070,1
Amazon,Nvidia,rtx-3070,60
Amazon,Nvidia,rtx-3070,8
Amazon,Nvidia,rtx-3070,8
Amazon,Nvidia,rtx-3070,8
Amazon,Nvidia,rtx-3070,216
Amazon,Nvidia,rtx-3070,4
Amazon,Nvidia,rtx-3070,4
Amazon,Nvidia,rtx-3070,1
Amazon,Nvidia,rtx-3070,1
Amazon,Nvidia,rtx-3070,4
Amazon,Nvidia,rtx-3070,1
Amazon,Nvidia,rtx-3070,1
Amazon,Nvidia,rtx-3070,1
Amazon,Nvidia,rtx-3070,1
Amazon,Nvidia,rtx-3070,1
Amazon,Nvidia,rtx-3070,4
Amazon,Nvidia,rtx-3070,1
Amazon,Nvidia,rtx-3070,4
Amazon,Nvidia,rtx-3070,1
Amazon,Nvidia,rtx-3070,1
Amazon,Nvidia,rtx-3070,4
Amazon,Nvidia,rtx-3070,1
Amazon,Nvidia,rtx-3070,4
Amazon,Nvidia,rtx-3070,1
Amazon,Nvidia,rtx-3070,4
Amazon,Nvidia,rtx-3070,4
Amazon,Nvidia,rtx-3070,1
Amazon,Nvidia,rtx-3070,28
Amazon,Nvidia,rtx-3070,4
Amazon,Nvidia,rtx-3070,1
Amazon,Nvidia,rtx-3070,4
Amazon,Nvidia,rtx-3070,4
Amazon,Nvidia,rtx-3070,4
Amazon,Nvidia,rtx-3070,1
Amazon,Nvidia,rtx-3070,4
Amazon,Nvidia,rtx-3070,8
Amazon,Nvidia,rtx-3070,8
Amazon,Nvidia,rtx-3070,1
Amazon,Nvidia,rtx-3070,1
Amazon,Nvidia,rtx-3070,1
Amazon,Nvidia,rtx-3070,4
Amazon,Nvidia,rtx-3070,4
Amazon,Nvidia,rtx-3070,1
Amazon,Nvidia,rtx-3070,28
Amazon,Nvidia,rtx-3070,28
Amazon,Nvidia,rtx-3070,212
Amazon,Nvidia,rtx-3070,52
Amazon,Nvidia,rtx-3070,1
Amazon,Nvidia,rtx-3070,32
Amazon,Nvidia,rtx-3070,8
Amazon,Nvidia,rtx-3070,1
Amazon,Nvidia,rtx-3070,1
Amazon,Nvidia,rtx-3070,1
Amazon,Nvidia,rtx-3070,28
Amazon,Nvidia,rtx-3070,1404
Amazon CA,Nvidia,rtx-3070,1913
Amazon,Nvidia,rtx-3070,1
Amazon,Nvidia,rtx-3070,1
Amazon,Nvidia,rtx-3070,24
Amazon,Nvidia,rtx-3070,1
Amazon,Nvidia,rtx-3070,1
Amazon,Nvidia,rtx-3070,1
Amazon,Nvidia,rtx-3070,1
Amazon,Nvidia,rtx-3070,1
Amazon,Nvidia,rtx-3070,8
Amazon,Nvidia,rtx-3070,24
Amazon,Nvidia,rtx-3070,1
Amazon,Nvidia,rtx-3070,1
Amazon,Nvidia,rtx-3070,1
Amazon,Nvidia,rtx-3070,3
Amazon,Nvidia,rtx-3070,4
Amazon,Nvidia,rtx-3070,3
Amazon,Nvidia,rtx-3070,12
Amazon,Nvidia,rtx-3070,1
Amazon,Nvidia,rtx-3070,3
Amazon,Nvidia,rtx-3070,24
Amazon,Nvidia,rtx-3070,1
Amazon,Nvidia,rtx-3070,1
Amazon,Nvidia,rtx-3070,3
Amazon,Nvidia,rtx-3070,1
Amazon,Nvidia,rtx-3070,1
Amazon,Nvidia,rtx-3070,1
Amazon,Nvidia,rtx-3070,27
Amazon,Nvidia,rtx-3070,27
Amazon,Nvidia,rtx-3070,27
Amazon,Nvidia,rtx-3070,24
Amazon,Nvidia,rtx-3070,3
Amazon,Nvidia,rtx-3070,24
Amazon,Nvidia,rtx-3070,1
Amazon,Nvidia,rtx-3070,1
Amazon,Nvidia,rtx-3070,1
Amazon,Nvidia,rtx-3070,1
Amazon,Nvidia,rtx-3070,24
Amazon,Nvidia,rtx-3070,3
Amazon,Nvidia,rtx-3070,27
Amazon,Nvidia,rtx-3070,1
Amazon,Nvidia,rtx-3070,2
Amazon,Nvidia,rtx-3070,2
Amazon,Nvidia,rtx-3070,12
Amazon,Nvidia,rtx-3070,2
Amazon,Nvidia,rtx-3070,4
Amazon,Nvidia,rtx-3070,2
Amazon,Nvidia,rtx-3070,5
Amazon,Nvidia,rtx-3070,2
Amazon,Nvidia,rtx-3070,4
Amazon,Nvidia,rtx-3070,1
Amazon,Nvidia,rtx-3070,28
Amazon,Nvidia,rtx-3070,4
Amazon,Nvidia,rtx-3070,12
Amazon,Nvidia,rtx-3070,8
Amazon,Nvidia,rtx-3070,9
Amazon,Nvidia,rtx-3070,2
Amazon,Nvidia,rtx-3070,3
Amazon,Nvidia,rtx-3070,28
Amazon,Nvidia,rtx-3070,28
Amazon,Nvidia,rtx-3070,28
Amazon,Nvidia,rtx-3070,28
Amazon,Nvidia,rtx-3070,118
Amazon,Nvidia,rtx-3070,12
Amazon,Nvidia,rtx-3070,28
SamsClub,Nvidia,rtx-3070,1209
Amazon,Nvidia,rtx-3070,4
Amazon,Nvidia,rtx-3070,4
Amazon,Nvidia,rtx-3070,1
Amazon,Nvidia,rtx-3070,29
Amazon,Nvidia,rtx-3070,4
Amazon,Nvidia,rtx-3070,51
Amazon,Nvidia,rtx-3070,2
Amazon,Nvidia,rtx-3070,3
Amazon,Nvidia,rtx-3070,14
Amazon,Nvidia,rtx-3070,3
Amazon,Nvidia,rtx-3070,2
Amazon,Nvidia,rtx-3070,1
Amazon,Nvidia,rtx-3070,3
Amazon,Nvidia,rtx-3070,2
SamsClub,Nvidia,rtx-3070,32
Amazon,Nvidia,rtx-3070,1
Amazon,Nvidia,rtx-3070,1
Amazon,Nvidia,rtx-3070,2
Amazon,Nvidia,rtx-3070,1
Amazon,Nvidia,rtx-3070,1
Amazon,Nvidia,rtx-3070,1
Amazon,Nvidia,rtx-3070,1
Amazon,Nvidia,rtx-3070,3
Amazon,Nvidia,rtx-3070,1
Amazon,Nvidia,rtx-3070,1
Amazon,Nvidia,rtx-3070,2
Amazon,Nvidia,rtx-3070,1
Amazon,Nvidia,rtx-3070,4
Amazon,Nvidia,rtx-3070,2
Amazon,Nvidia,rtx-3070,1
Amazon,Nvidia,rtx-3070,1
Amazon,Nvidia,rtx-3070,1
Amazon,Nvidia,rtx-3070,1
Amazon,Nvidia,rtx-3070,1
Amazon,Nvidia,rtx-3070,1
Amazon,Nvidia,rtx-3070,2
Amazon,Nvidia,rtx-3070,2
Amazon,Nvidia,rtx-3070,1
Amazon,Nvidia,rtx-3070,1
Amazon,Nvidia,rtx-3070,2
Amazon,Nvidia,rtx-3070,2
Amazon,Nvidia,rtx-3070,2
Amazon,Nvidia,rtx-3070,1
Amazon,Nvidia,rtx-3070,1
Amazon,Nvidia,rtx-3070,2
Amazon,Nvidia,rtx-3070,1
Amazon,Nvidia,rtx-3070,12
Amazon,Nvidia,rtx-3070,1
Amazon,Nvidia,rtx-3070,1
Amazon,Nvidia,rtx-3070,4
Amazon,Nvidia,rtx-3070,4
Amazon,Nvidia,rtx-3070,1
Amazon,Nvidia,rtx-3070,1
Amazon,Nvidia,rtx-3070,1
Amazon,Nvidia,rtx-3070,1
Amazon,Nvidia,rtx-3070,1
Amazon,Nvidia,rtx-3070,7
BestBuy,Nvidia,rtx-3070,36
Amazon,Nvidia,rtx-3070ti,712
Amazon,Nvidia,rtx-3070ti,40
Amazon,Nvidia,rtx-3070ti,4
Amazon,Nvidia,rtx-3070ti,548
Amazon,Nvidia,rtx-3070ti,500
Amazon,Nvidia,rtx-3070ti,1
Amazon,Nvidia,rtx-3070ti,88
Amazon,Nvidia,rtx-3070ti,64
Amazon,Nvidia,rtx-3070ti,4
Amazon,Nvidia,rtx-3070ti,580
Amazon,Nvidia,rtx-3070ti,88
Amazon,Nvidia,rtx-3070ti,12
Amazon,Nvidia,rtx-3070ti,1
Amazon,Nvidia,rtx-3070ti,5008
Amazon,Nvidia,rtx-3070ti,40
Amazon,Nvidia,rtx-3070ti,28
Amazon,Nvidia,rtx-3070ti,344
Amazon,Nvidia,rtx-3070ti,1069
Amazon,Nvidia,rtx-3070ti,1
Amazon,Nvidia,rtx-3070ti,336
Amazon,Nvidia,rtx-3070ti,1
Amazon,Nvidia,rtx-3070ti,4
Amazon,Nvidia,rtx-3070ti,1188
Amazon,Nvidia,rtx-3070ti,4
Amazon,Nvidia,rtx-3070ti,1
Amazon,Nvidia,rtx-3070ti,1
Amazon,Nvidia,rtx-3070ti,4
Amazon,Nvidia,rtx-3070ti,1
Amazon,Nvidia,rtx-3070ti,1
Amazon,Nvidia,rtx-3070ti,1
Amazon,Nvidia,rtx-3070ti,1
Amazon,Nvidia,rtx-3070ti,18824
Amazon,Nvidia,rtx-3070ti,4
Amazon,Nvidia,rtx-3070ti,280
Amazon,Nvidia,rtx-3070ti,656
Amazon,Nvidia,rtx-3070ti,852
Amazon,Nvidia,rtx-3070ti,1584
Amazon,Nvidia,rtx-3070ti,2820
Amazon,Nvidia,rtx-3070ti,476
Amazon,Nvidia,rtx-3070ti,1
Amazon,Nvidia,rtx-3070ti,1896
Amazon,Nvidia,rtx-3070ti,1
Amazon,Nvidia,rtx-3070ti,24
Amazon,Nvidia,rtx-3070ti,4
Amazon,Nvidia,rtx-3070ti,4
Amazon,Nvidia,rtx-3070ti,8
Amazon,Nvidia,rtx-3070ti,72
Amazon,Nvidia,rtx-3070ti,100
Amazon,Nvidia,rtx-3070ti,308
Amazon,Nvidia,rtx-3070ti,172
Amazon,Nvidia,rtx-3070ti,1
Amazon,Nvidia,rtx-3070ti,60
Amazon,Nvidia,rtx-3070ti,8
Amazon,Nvidia,rtx-3070ti,8
Amazon,Nvidia,rtx-3070ti,8
Amazon,Nvidia,rtx-3070ti,216
Amazon,Nvidia,rtx-3070ti,4
Amazon,Nvidia,rtx-3070ti,4
Amazon,Nvidia,rtx-3070ti,1
Amazon,Nvidia,rtx-3070ti,1
Amazon,Nvidia,rtx-3070ti,4
Amazon,Nvidia,rtx-3070ti,1
Amazon,Nvidia,rtx-3070ti,1
Amazon,Nvidia,rtx-3070ti,1
Amazon,Nvidia,rtx-3070ti,1
Amazon,Nvidia,rtx-3070ti,1
Amazon,Nvidia,rtx-3070ti,4
Amazon,Nvidia,rtx-3070ti,1
Amazon,Nvidia,rtx-3070ti,4
Amazon,Nvidia,rtx-3070ti,1
Amazon,Nvidia,rtx-3070ti,1
Amazon,Nvidia,rtx-3070ti,4
Amazon,Nvidia,rtx-3070ti,1
Amazon,Nvidia,rtx-3070ti,4
Amazon,Nvidia,rtx-3070ti,1
Amazon,Nvidia,rtx-3070ti,4
Amazon,Nvidia,rtx-3070ti,4
Amazon,Nvidia,rtx-3070ti,1
Amazon,Nvidia,rtx-3070ti,28
Amazon,Nvidia,rtx-3070ti,4
Amazon,Nvidia,rtx-3070ti,1
Amazon,Nvidia,rtx-3070ti,4
Amazon,Nvidia,rtx-3070ti,4
Amazon,Nvidia,rtx-3070ti,4
Amazon,Nvidia,rtx-3070ti,1
Amazon,Nvidia,rtx-3070ti,4
Amazon,Nvidia,rtx-3070ti,8
Amazon,Nvidia,rtx-3070ti,8
Amazon,Nvidia,rtx-3070ti,1
Amazon,Nvidia,rtx-3070ti,1
Amazon,Nvidia,rtx-3070ti,1
Amazon,Nvidia,rtx-3070ti,4
Amazon,Nvidia,rtx-3070ti,4
Amazon,Nvidia,rtx-3070ti,1
Amazon,Nvidia,rtx-3070ti,28
Amazon,Nvidia,rtx-3070ti,28
Amazon,Nvidia,rtx-3070ti,212
Amazon,Nvidia,rtx-3070ti,52
Amazon,Nvidia,rtx-3070ti,1
Amazon,Nvidia,rtx-3070ti,32
Amazon,Nvidia,rtx-3070ti,8
Amazon,Nvidia,rtx-3070ti,1
Amazon,Nvidia,rtx-3070ti,1
Amazon,Nvidia,rtx-3070ti,1
Amazon,Nvidia,rtx-3070ti,28
Amazon,Nvidia,rtx-3070ti,1404
Amazon CA,Nvidia,rtx-3070ti,1913
Amazon,Nvidia,rtx-3070ti,1
Amazon,Nvidia,rtx-3070ti,1
Amazon,Nvidia,rtx-3070ti,24
Amazon,Nvidia,rtx-3070ti,1
Amazon,Nvidia,rtx-3070ti,1
Amazon,Nvidia,rtx-3070ti,1
Amazon,Nvidia,rtx-3070ti,1
Amazon,Nvidia,rtx-3070ti,1
Amazon,Nvidia,rtx-3070ti,8
Amazon,Nvidia,rtx-3070ti,24
Amazon,Nvidia,rtx-3070ti,1
Amazon,Nvidia,rtx-3070ti,1
Amazon,Nvidia,rtx-3070ti,1
Amazon,Nvidia,rtx-3070ti,3
Amazon,Nvidia,rtx-3070ti,4
Amazon,Nvidia,rtx-3070ti,3
Amazon,Nvidia,rtx-3070ti,12
Amazon,Nvidia,rtx-3070ti,1
Amazon,Nvidia,rtx-3070ti,3
Amazon,Nvidia,rtx-3070ti,24
Amazon,Nvidia,rtx-3070ti,1
Amazon,Nvidia,rtx-3070ti,1
Amazon,Nvidia,rtx-3070ti,3
Amazon,Nvidia,rtx-3070ti,1
Amazon,Nvidia,rtx-3070ti,1
Amazon,Nvidia,rtx-3070ti,1
Amazon,Nvidia,rtx-3070ti,27
Amazon,Nvidia,rtx-3070ti,27
Amazon,Nvidia,rtx-3070ti,27
Amazon,Nvidia,rtx-3070ti,24
Amazon,Nvidia,rtx-3070ti,3
Amazon,Nvidia,rtx-3070ti,24
Amazon,Nvidia,rtx-3070ti,1
Amazon,Nvidia,rtx-3070ti,1
Amazon,Nvidia,rtx-3070ti,1
Amazon,Nvidia,rtx-3070ti,1
Amazon,Nvidia,rtx-3070ti,24
Amazon,Nvidia,rtx-3070ti,3
Amazon,Nvidia,rtx-3070ti,27
Amazon,Nvidia,rtx-3070ti,1
Amazon,Nvidia,rtx-3070ti,2
Amazon,Nvidia,rtx-3070ti,2
Amazon,Nvidia,rtx-3070ti,12
Amazon,Nvidia,rtx-3070ti,2
Amazon,Nvidia,rtx-3070ti,4
Amazon,Nvidia,rtx-3070ti,2
Amazon,Nvidia,rtx-3070ti,5
Amazon,Nvidia,rtx-3070ti,2
Amazon,Nvidia,rtx-3070ti,4
Amazon,Nvidia,rtx-3070ti,1
Amazon,Nvidia,rtx-3070ti,28
Amazon,Nvidia,rtx-3070ti,4
Amazon,Nvidia,rtx-3070ti,12
Amazon,Nvidia,rtx-3070ti,8
Amazon,Nvidia,rtx-3070ti,9
Amazon,Nvidia,rtx-3070ti,2
Amazon,Nvidia,rtx-3070ti,3
Amazon,Nvidia,rtx-3070ti,28
Amazon,Nvidia,rtx-3070ti,28
Amazon,Nvidia,rtx-3070ti,28
Amazon,Nvidia,rtx-3070ti,28
Amazon,Nvidia,rtx-3070ti,118
Amazon,Nvidia,rtx-3070ti,12
Amazon,Nvidia,rtx-3070ti,28
SamsClub,Nvidia,rtx-3070ti,1209
Amazon,Nvidia,rtx-3070ti,4
Amazon,Nvidia,rtx-3070ti,4
Amazon,Nvidia,rtx-3070ti,1
Amazon,Nvidia,rtx-3070ti,29
Amazon,Nvidia,rtx-3070ti,4
Amazon,Nvidia,rtx-3070ti,51
Amazon,Nvidia,rtx-3070ti,2
Amazon,Nvidia,rtx-3070ti,3
Amazon,Nvidia,rtx-3070ti,14
Amazon,Nvidia,rtx-3070ti,3
Amazon,Nvidia,rtx-3070ti,2
Amazon,Nvidia,rtx-3070ti,1
Amazon,Nvidia,rtx-3070ti,3
Amazon,Nvidia,rtx-3070ti,2
SamsClub,Nvidia,rtx-3070ti,32
Amazon,Nvidia,rtx-3070ti,1
Amazon,Nvidia,rtx-3070ti,1
Amazon,Nvidia,rtx-3070ti,2
Amazon,Nvidia,rtx-3070ti,1
Amazon,Nvidia,rtx-3070ti,1
Amazon,Nvidia,rtx-3070ti,1
Amazon,Nvidia,rtx-3070ti,1
Amazon,Nvidia,rtx-3070ti,3
Amazon,Nvidia,rtx-3070ti,1
Amazon,Nvidia,rtx-3070ti,1
Amazon,Nvidia,rtx-3070ti,2
Amazon,Nvidia,rtx-3070ti,1
Amazon,Nvidia,rtx-3070ti,4
Amazon,Nvidia,rtx-3070ti,2
Amazon,Nvidia,rtx-3070ti,1
Amazon,Nvidia,rtx-3070ti,1
Amazon,Nvidia,rtx-3070ti,1
Amazon,Nvidia,rtx-3070ti,1
Amazon,Nvidia,rtx-3070ti,1
Amazon,Nvidia,rtx-3070ti,1
Amazon,Nvidia,rtx-3070ti,2
Amazon,Nvidia,rtx-3070ti,2
Amazon,Nvidia,rtx-3070ti,1
Amazon,Nvidia,rtx-3070ti,1
Amazon,Nvidia,rtx-3070ti,2
Amazon,Nvidia,rtx-3070ti,2
Amazon,Nvidia,rtx-3070ti,2
Amazon,Nvidia,rtx-3070ti,1
Amazon,Nvidia,rtx-3070ti,1
Amazon,Nvidia,rtx-3070ti,2
Amazon,Nvidia,rtx-3070ti,1
Amazon,Nvidia,rtx-3070ti,12
Amazon,Nvidia,rtx-3070ti,1
Amazon,Nvidia,rtx-3070ti,1
Amazon,Nvidia,rtx-3070ti,4
Amazon,Nvidia,rtx-3070ti,4
Amazon,Nvidia,rtx-3070ti,1
Amazon,Nvidia,rtx-3070ti,1
Amazon,Nvidia,rtx-3070ti,1
Amazon,Nvidia,rtx-3070ti,1
Amazon,Nvidia,rtx-3070ti,1
Amazon,Nvidia,rtx-3070ti,7
BestBuy,Nvidia,rtx-3070ti,36
Amazon,Nvidia,rtx-3070ti,31
Amazon,Nvidia,rtx-3070ti,113
Amazon,Nvidia,rtx-3070ti,75
Amazon,Nvidia,rtx-3070ti,27
Amazon,Nvidia,rtx-3070ti,49
Amazon,Nvidia,rtx-3070ti,7
Amazon,Nvidia,rtx-3070ti,1
Amazon,Nvidia,rtx-3070ti,259
Amazon,Nvidia,rtx-3070ti,42
Amazon,Nvidia,rtx-3070ti,2464
Amazon,Nvidia,rtx-3070ti,9
Amazon,Nvidia,rtx-3070ti,1
Amazon,Nvidia,rtx-3080ti,712
Amazon,Nvidia,rtx-3080ti,40
Amazon,Nvidia,rtx-3080ti,4
Amazon,Nvidia,rtx-3080ti,548
Amazon,Nvidia,rtx-3080ti,500
Amazon,Nvidia,rtx-3080ti,1
Amazon,Nvidia,rtx-3080ti,88
Amazon,Nvidia,rtx-3080ti,64
Amazon,Nvidia,rtx-3080ti,4
Amazon,Nvidia,rtx-3080ti,580
Amazon,Nvidia,rtx-3080ti,88
Amazon,Nvidia,rtx-3080ti,12
Amazon,Nvidia,rtx-3080ti,1
Amazon,Nvidia,rtx-3080ti,5008
Amazon,Nvidia,rtx-3080ti,40
Amazon,Nvidia,rtx-3080ti,28
Amazon,Nvidia,rtx-3080ti,344
Amazon,Nvidia,rtx-3080ti,1069
Amazon,Nvidia,rtx-3080ti,1
Amazon,Nvidia,rtx-3080ti,336
Amazon,Nvidia,rtx-3080ti,1
Amazon,Nvidia,rtx-3080ti,4
Amazon,Nvidia,rtx-3080ti,1188
Amazon,Nvidia,rtx-3080ti,4
Amazon,Nvidia,rtx-3080ti,1
Amazon,Nvidia,rtx-3080ti,1
Amazon,Nvidia,rtx-3080ti,4
Amazon,Nvidia,rtx-3080ti,1
Amazon,Nvidia,rtx-3080ti,1
Amazon,Nvidia,rtx-3080ti,1
Amazon,Nvidia,rtx-3080ti,1
Amazon,Nvidia,rtx-3080ti,18824
Amazon,Nvidia,rtx-3080ti,4
Amazon,Nvidia,rtx-3080ti,280
Amazon,Nvidia,rtx-3080ti,656
Amazon,Nvidia,rtx-3080ti,852
Amazon,Nvidia,rtx-3080ti,1584
Amazon,Nvidia,rtx-3080ti,2820
Amazon,Nvidia,rtx-3080ti,476
Amazon,Nvidia,rtx-3080ti,1
Amazon,Nvidia,rtx-3080ti,1896
Amazon,Nvidia,rtx-3080ti,1
Amazon,Nvidia,rtx-3080ti,24
Amazon,Nvidia,rtx-3080ti,4
Amazon,Nvidia,rtx-3080ti,4
Amazon,Nvidia,rtx-3080ti,8
Amazon,Nvidia,rtx-3080ti,72
Amazon,Nvidia,rtx-3080ti,100
Amazon,Nvidia,rtx-3080ti,308
Amazon,Nvidia,rtx-3080ti,172
Amazon,Nvidia,rtx-3080ti,1
Amazon,Nvidia,rtx-3080ti,60
Amazon,Nvidia,rtx-3080ti,8
Amazon,Nvidia,rtx-3080ti,8
Amazon,Nvidia,rtx-3080ti,8
Amazon,Nvidia,rtx-3080ti,216
Amazon,Nvidia,rtx-3080ti,4
Amazon,Nvidia,rtx-3080ti,4
Amazon,Nvidia,rtx-3080ti,1
Amazon,Nvidia,rtx-3080ti,1
Amazon,Nvidia,rtx-3080ti,4
Amazon,Nvidia,rtx-3080ti,1
Amazon,Nvidia,rtx-3080ti,1
Amazon,Nvidia,rtx-3080ti,1
Amazon,Nvidia,rtx-3080ti,1
Amazon,Nvidia,rtx-3080ti,1
Amazon,Nvidia,rtx-3080ti,4
Amazon,Nvidia,rtx-3080ti,1
Amazon,Nvidia,rtx-3080ti,4
Amazon,Nvidia,rtx-3080ti,1
Amazon,Nvidia,rtx-3080ti,1
Amazon,Nvidia,rtx-3080ti,4
Amazon,Nvidia,rtx-3080ti,1
Amazon,Nvidia,rtx-3080ti,4
Amazon,Nvidia,rtx-3080ti,1
Amazon,Nvidia,rtx-3080ti,4
Amazon,Nvidia,rtx-3080ti,4
Amazon,Nvidia,rtx-3080ti,1
Amazon,Nvidia,rtx-3080ti,28
Amazon,Nvidia,rtx-3080ti,4
Amazon,Nvidia,rtx-3080ti,1
Amazon,Nvidia,rtx-3080ti,4
Amazon,Nvidia,rtx-3080ti,4
Amazon,Nvidia,rtx-3080ti,4
Amazon,Nvidia,rtx-3080ti,1
Amazon,Nvidia,rtx-3080ti,4
Amazon,Nvidia,rtx-3080ti,8
Amazon,Nvidia,rtx-3080ti,8
Amazon,Nvidia,rtx-3080ti,1
Amazon,Nvidia,rtx-3080ti,1
Amazon,Nvidia,rtx-3080ti,1
Amazon,Nvidia,rtx-3080ti,4
Amazon,Nvidia,rtx-3080ti,4
Amazon,Nvidia,rtx-3080ti,1
Amazon,Nvidia,rtx-3080ti,28
Amazon,Nvidia,rtx-3080ti,28
Amazon,Nvidia,rtx-3080ti,212
Amazon,Nvidia,rtx-3080ti,52
Amazon,Nvidia,rtx-3080ti,1
Amazon,Nvidia,rtx-3080ti,32
Amazon,Nvidia,rtx-3080ti,8
Amazon,Nvidia,rtx-3080ti,1
Amazon,Nvidia,rtx-3080ti,1
Amazon,Nvidia,rtx-3080ti,1
Amazon,Nvidia,rtx-3080ti,28
Amazon,Nvidia,rtx-3080ti,1404
Amazon CA,Nvidia,rtx-3080ti,1913
Amazon,Nvidia,rtx-3080ti,1
Amazon,Nvidia,rtx-3080ti,1
Amazon,Nvidia,rtx-3080ti,24
Amazon,Nvidia,rtx-3080ti,1
Amazon,Nvidia,rtx-3080ti,1
Amazon,Nvidia,rtx-3080ti,1
Amazon,Nvidia,rtx-3080ti,1
Amazon,Nvidia,rtx-3080ti,1
Amazon,Nvidia,rtx-3080ti,8
Amazon,Nvidia,rtx-3080ti,24
Amazon,Nvidia,rtx-3080ti,1
Amazon,Nvidia,rtx-3080ti,1
Amazon,Nvidia,rtx-3080ti,1
Amazon,Nvidia,rtx-3080ti,3
Amazon,Nvidia,rtx-3080ti,4
Amazon,Nvidia,rtx-3080ti,3
Amazon,Nvidia,rtx-3080ti,12
Amazon,Nvidia,rtx-3080ti,1
Amazon,Nvidia,rtx-3080ti,3
Amazon,Nvidia,rtx-3080ti,24
Amazon,Nvidia,rtx-3080ti,1
Amazon,Nvidia,rtx-3080ti,1
Amazon,Nvidia,rtx-3080ti,3
Amazon,Nvidia,rtx-3080ti,1
Amazon,Nvidia,rtx-3080ti,1
Amazon,Nvidia,rtx-3080ti,1
Amazon,Nvidia,rtx-3080ti,27
Amazon,Nvidia,rtx-3080ti,27
Amazon,Nvidia,rtx-3080ti,27
Amazon,Nvidia,rtx-3080ti,24
Amazon,Nvidia,rtx-3080ti,3
Amazon,Nvidia,rtx-3080ti,24
Amazon,Nvidia,rtx-3080ti,1
Amazon,Nvidia,rtx-3080ti,1
Amazon,Nvidia,rtx-3080ti,1
Amazon,Nvidia,rtx-3080ti,1
Amazon,Nvidia,rtx-3080ti,24
Amazon,Nvidia,rtx-3080ti,3
Amazon,Nvidia,rtx-3080ti,27
Amazon,Nvidia,rtx-3080ti,1
Amazon,Nvidia,rtx-3080ti,2
Amazon,Nvidia,rtx-3080ti,2
Amazon,Nvidia,rtx-3080ti,12
Amazon,Nvidia,rtx-3080ti,2
Amazon,Nvidia,rtx-3080ti,4
Amazon,Nvidia,rtx-3080ti,2
Amazon,Nvidia,rtx-3080ti,5
Amazon,Nvidia,rtx-3080ti,2
Amazon,Nvidia,rtx-3080ti,4
Amazon,Nvidia,rtx-3080ti,1
Amazon,Nvidia,rtx-3080ti,28
Amazon,Nvidia,rtx-3080ti,4
Amazon,Nvidia,rtx-3080ti,12
Amazon,Nvidia,rtx-3080ti,8
Amazon,Nvidia,rtx-3080ti,9
Amazon,Nvidia,rtx-3080ti,2
Amazon,Nvidia,rtx-3080ti,3
Amazon,Nvidia,rtx-3080ti,28
Amazon,Nvidia,rtx-3080ti,28
Amazon,Nvidia,rtx-3080ti,28
Amazon,Nvidia,rtx-3080ti,28
Amazon,Nvidia,rtx-3080ti,118
Amazon,Nvidia,rtx-3080ti,12
Amazon,Nvidia,rtx-3080ti,28
SamsClub,Nvidia,rtx-3080ti,1209
Amazon,Nvidia,rtx-3080ti,4
Amazon,Nvidia,rtx-3080ti,4
Amazon,Nvidia,rtx-3080ti,1
Amazon,Nvidia,rtx-3080ti,29
Amazon,Nvidia,rtx-3080ti,4
Amazon,Nvidia,rtx-3080ti,51
Amazon,Nvidia,rtx-3080ti,2
Amazon,Nvidia,rtx-3080ti,3
Amazon,Nvidia,rtx-3080ti,14
Amazon,Nvidia,rtx-3080ti,3
Amazon,Nvidia,rtx-3080ti,2
Amazon,Nvidia,rtx-3080ti,1
Amazon,Nvidia,rtx-3080ti,3
Amazon,Nvidia,rtx-3080ti,2
SamsClub,Nvidia,rtx-3080ti,32
Amazon,Nvidia,rtx-3080ti,1
Amazon,Nvidia,rtx-3080ti,1
Amazon,Nvidia,rtx-3080ti,2
Amazon,Nvidia,rtx-3080ti,1
Amazon,Nvidia,rtx-3080ti,1
Amazon,Nvidia,rtx-3080ti,1
Amazon,Nvidia,rtx-3080ti,1
Amazon,Nvidia,rtx-3080ti,3
Amazon,Nvidia,rtx-3080ti,1
Amazon,Nvidia,rtx-3080ti,1
Amazon,Nvidia,rtx-3080ti,2
Amazon,Nvidia,rtx-3080ti,1
Amazon,Nvidia,rtx-3080ti,4
Amazon,Nvidia,rtx-3080ti,2
Amazon,Nvidia,rtx-3080ti,1
Amazon,Nvidia,rtx-3080ti,1
Amazon,Nvidia,rtx-3080ti,1
Amazon,Nvidia,rtx-3080ti,1
Amazon,Nvidia,rtx-3080ti,1
Amazon,Nvidia,rtx-3080ti,1
Amazon,Nvidia,rtx-3080ti,2
Amazon,Nvidia,rtx-3080ti,2
Amazon,Nvidia,rtx-3080ti,1
Amazon,Nvidia,rtx-3080ti,1
Amazon,Nvidia,rtx-3080ti,2
Amazon,Nvidia,rtx-3080ti,2
Amazon,Nvidia,rtx-3080ti,2
Amazon,Nvidia,rtx-3080ti,1
Amazon,Nvidia,rtx-3080ti,1
Amazon,Nvidia,rtx-3080ti,2
Amazon,Nvidia,rtx-3080ti,1
Amazon,Nvidia,rtx-3080ti,12
Amazon,Nvidia,rtx-3080ti,1
Amazon,Nvidia,rtx-3080ti,1
Amazon,Nvidia,rtx-3080ti,4
Amazon,Nvidia,rtx-3080ti,4
Amazon,Nvidia,rtx-3080ti,1
Amazon,Nvidia,rtx-3080ti,1
Amazon,Nvidia,rtx-3080ti,1
Amazon,Nvidia,rtx-3080ti,1
Amazon,Nvidia,rtx-3080ti,1
Amazon,Nvidia,rtx-3080ti,7
BestBuy,Nvidia,rtx-3080ti,36
Amazon,Nvidia,rtx-3080ti,31
Amazon,Nvidia,rtx-3080ti,113
Amazon,Nvidia,rtx-3080ti,75
Amazon,Nvidia,rtx-3080ti,27
Amazon,Nvidia,rtx-3080ti,49
Amazon,Nvidia,rtx-3080ti,7
Amazon,Nvidia,rtx-3080ti,1
Amazon,Nvidia,rtx-3080ti,259
Amazon,Nvidia,rtx-3080ti,42
Amazon,Nvidia,rtx-3080ti,2464
Amazon,Nvidia,rtx-3080ti,9
Amazon,Nvidia,rtx-3080ti,1
Amazon,Nvidia,rtx-3080ti,17
Amazon,Nvidia,rtx-3080ti,160
Amazon,Nvidia,rtx-3080ti,3475
Amazon,Nvidia,rtx-3080ti,7
Amazon,Nvidia,rtx-3080ti,4
Amazon,Nvidia,rtx-3080ti,4
Amazon,Nvidia,rtx-3080ti,67
Amazon,Nvidia,rtx-3080ti,50
Amazon,Nvidia,rtx-3080ti,2
Amazon,Nvidia,rtx-3080ti,189
Amazon,Nvidia,rtx-3080ti,42
Amazon,Nvidia,rtx-3080ti,22
Amazon,Nvidia,rtx-3080ti,311
Amazon,Nvidia,rtx-3080ti,12
Amazon,Nvidia,rtx-3080ti,9
Amazon,Nvidia,rtx-3080ti,149
Amazon,Nvidia,rtx-3080ti,2
Amazon,Nvidia,rtx-3080ti,7
Amazon,Nvidia,rtx-3080ti,6820
Amazon,Nvidia,rtx-3080ti,6820
Amazon,Nvidia,rtx-3080ti,9
Amazon,Nvidia,rtx-3080ti,1
Amazon,Nvidia,rtx-3080ti,35
Amazon,Nvidia,rtx-3080ti,79
Amazon,Nvidia,rtx-3080ti,3
Amazon,Nvidia,rtx-3080ti,1
Amazon,Nvidia,rtx-3080ti,534
Amazon,Nvidia,rtx-3080ti,14
Amazon,Nvidia,rtx-3080ti,95
Amazon,Nvidia,rtx-3080ti,534
Amazon,Nvidia,rtx-3080ti,187
Amazon,Nvidia,rtx-3080ti,2
Amazon,Nvidia,rtx-3080ti,97
Amazon,Nvidia,rtx-3080ti,1
Amazon,Nvidia,rtx-3080ti,23
Amazon,Nvidia,rtx-3080ti,62
Amazon,Nvidia,rtx-3080ti,60
Amazon,Nvidia,rtx-3080ti,48
Amazon,Nvidia,rtx-3080ti,67
Amazon,Nvidia,rtx-3080ti,15
Amazon,Nvidia,rtx-3080ti,15
Amazon,Nvidia,rtx-3080ti,20
Amazon,Nvidia,rtx-3080ti,1
Amazon,Nvidia,rtx-3080ti,1
Amazon,Nvidia,rtx-3080ti,48
Amazon,Nvidia,rtx-3080ti,1
Amazon,Nvidia,rtx-3080ti,7
Amazon,Nvidia,rtx-3080ti,27
Amazon,Nvidia,rtx-3080ti,67
Amazon,Nvidia,rtx-3080ti,24
Amazon,Nvidia,rtx-3080ti,87
Amazon,Nvidia,rtx-3080ti,9
Amazon,Nvidia,rtx-3080ti,10
Amazon,Nvidia,rtx-3080ti,95
Amazon,Nvidia,rtx-3080ti,7
Amazon,Nvidia,rtx-3080ti,222
Amazon,Nvidia,rtx-3080ti,35
Amazon,Nvidia,rtx-3080ti,12
Amazon,Nvidia,rtx-3080ti,4
Amazon,Nvidia,rtx-3080ti,1
Amazon,Nvidia,rtx-3080ti,20
Amazon,Nvidia,rtx-3080ti,11
Amazon,Nvidia,rtx-3080ti,127
Amazon,Nvidia,rtx-3080ti,14
Amazon,Nvidia,rtx-3080ti,11
Amazon,Nvidia,rtx-3080ti,16
Amazon,Nvidia,rtx-3080ti,20
Amazon,Nvidia,rtx-3080ti,1
Amazon,Nvidia,rtx-3080ti,4
Amazon,Nvidia,rtx-3080ti,121
Amazon,Nvidia,rtx-3080ti,1
Amazon,Nvidia,rtx-3080ti,1
Amazon,Nvidia,rtx-3080ti,1
Amazon,Nvidia,rtx-3080ti,82
Amazon,Nvidia,rtx-3080ti,12
Amazon,Nvidia,rtx-3080ti,2
Amazon,Nvidia,rtx-3080ti,2
Amazon,Nvidia,rtx-3080ti,19
Amazon,Nvidia,rtx-3080ti,10
Amazon,Nvidia,rtx-3080ti,27
Amazon,Nvidia,rtx-3080ti,1
Amazon,Nvidia,rtx-3080ti,14
Amazon,Nvidia,rtx-3080ti,14
Amazon,Nvidia,rtx-3080ti,7
Amazon,Nvidia,rtx-3080ti,7
Amazon,Nvidia,rtx-3080ti,7
Amazon,Nvidia,rtx-3080ti,1
Amazon,Nvidia,rtx-3080ti,9
Amazon,Nvidia,rtx-3080ti,1
Amazon,Nvidia,rtx-3080ti,1
Amazon,Nvidia,rtx-3080ti,7
Amazon,Nvidia,rtx-3080ti,7
Amazon,Nvidia,rtx-3080ti,12
Amazon,Nvidia,rtx-3080ti,3
Amazon,Nvidia,rtx-3080ti,1
Amazon,Nvidia,rtx-3080ti,1
Amazon,Nvidia,rtx-3080ti,1
Amazon,Nvidia,rtx-3080ti,2
Amazon,Nvidia,rtx-3080ti,1
Amazon,Nvidia,rtx-3080ti,1
Amazon,Nvidia,rtx-3080ti,2
Amazon,Nvidia,rtx-3080ti,1
Amazon,Nvidia,rtx-3080ti,4
Amazon,Nvidia,rtx-3080ti,1
Amazon,Nvidia,rtx-3080ti,1
Amazon,Nvidia,rtx-3080ti,1
Amazon,Nvidia,rtx-3080ti,4898
Amazon,Nvidia,rtx-3080ti,8
Amazon,Nvidia,rtx-3080ti,1
Amazon,Nvidia,rtx-3080ti,1
Amazon,Nvidia,rtx-3080ti,1
Amazon,Nvidia,rtx-3080ti,1
Amazon,Nvidia,rtx-3080ti,5
Amazon,Nvidia,rtx-3080ti,1
Amazon,Nvidia,rtx-3080ti,1
Amazon,Nvidia,rtx-3080ti,101
Amazon,Nvidia,rtx-3080ti,7
Amazon,Nvidia,rtx-3080ti,9
Amazon,Nvidia,rtx-3080ti,7
Amazon,Nvidia,rtx-3080ti,1
Amazon,Nvidia,rtx-3080ti,6
Amazon,Nvidia,rtx-3080ti,1
Amazon,Nvidia,rtx-3080ti,1
Amazon,Nvidia,rtx-3080ti,1
Amazon,Nvidia,rtx-3080ti,1
Amazon,Nvidia,rtx-3080ti,1
Amazon,Nvidia,rtx-3080ti,7861
Amazon,Nvidia,rtx-3080ti,19441
Amazon,Nvidia,rtx-3080ti,2415
Amazon,Nvidia,rtx-3080ti,124
Amazon,Nvidia,rtx-3080ti,5
Amazon,Nvidia,rtx-3080ti,7
Amazon,Nvidia,rtx-3080ti,161
Amazon,Nvidia,rtx-3080ti,1
Amazon,Nvidia,rtx-3080ti,4
Amazon,Nvidia,rtx-3080ti,32
Amazon,Nvidia,rtx-3080ti,1
Amazon,Nvidia,rtx-3080ti,21
Amazon,Nvidia,rtx-3080ti,1
Amazon,Nvidia,rtx-3080ti,13
Amazon,Nvidia,rtx-3080ti,7
Amazon,Nvidia,rtx-3080ti,1
Amazon,Nvidia,rtx-3080ti,1
Amazon,Nvidia,rtx-3080ti,1
Amazon,Nvidia,rtx-3080ti,1
Amazon,Nvidia,rtx-3080ti,8
Amazon,Nvidia,rtx-3080ti,33466
Amazon,Nvidia,rtx-3080ti,13987
Amazon,Nvidia,rtx-3080ti,1
Amazon,Nvidia,rtx-3080ti,5728
Amazon,Nvidia,rtx-3080ti,342
Amazon,Nvidia,rtx-3080ti,7337
Amazon,Nvidia,rtx-3080ti,24
Amazon,Nvidia,rtx-3080ti,7
Amazon,Nvidia,rtx-3080ti,1
Amazon,Nvidia,rtx-3080ti,25602
Amazon,Nvidia,rtx-3080ti,2
Amazon,Nvidia,rtx-3080ti,12211
Amazon,Nvidia,rtx-3080ti,4
Amazon,Nvidia,rtx-3080ti,3
Amazon,Nvidia,rtx-3080ti,4
Amazon,Nvidia,rtx-3080ti,9
Amazon,Nvidia,rtx-3080ti,3
Amazon,Nvidia,rtx-3080ti,1063
Amazon,Nvidia,rtx-3080ti,209
Amazon,Nvidia,rtx-3080ti,8
Amazon,Nvidia,rtx-3080ti,1
Amazon,Nvidia,rtx-3080ti,1
Amazon,Nvidia,rtx-3080ti,8
Amazon,Nvidia,rtx-3080ti,2
Amazon,Nvidia,rtx-3080ti,2
Amazon,Nvidia,rtx-3080ti,7
Amazon,Nvidia,rtx-3080ti,3
Amazon,Nvidia,rtx-3080ti,4
Amazon,Nvidia,rtx-3080ti,2
Amazon,Nvidia,rtx-3080ti,2
Amazon,Nvidia,rtx-3080ti,1
Amazon,Nvidia,rtx-3080ti,1
Amazon,Nvidia,rtx-3080ti,5
Amazon,Nvidia,rtx-3080ti,9
Amazon,Nvidia,rtx-3080ti,1
Amazon,Nvidia,rtx-3080ti,1
Amazon,Nvidia,rtx-3080ti,1
Amazon,Nvidia,rtx-3080ti,3
Amazon,Nvidia,rtx-3080ti,3
Amazon,Nvidia,rtx-3080ti,1
Amazon,Nvidia,rtx-3080ti,1
Amazon,Nvidia,rtx-3080ti,4
Amazon,Nvidia,rtx-3080ti,1
Amazon,Nvidia,rtx-3080ti,2
Amazon,Nvidia,rtx-3080ti,2
Amazon,Nvidia,rtx-3080ti,1
Amazon,Nvidia,rtx-3080ti,1
Amazon,Nvidia,rtx-3080ti,3
Amazon,Nvidia,rtx-3080ti,1
Amazon,Nvidia,rtx-3080ti,1
Amazon,Nvidia,rtx-3080ti,1
Amazon,Nvidia,rtx-3080ti,1
Amazon,Nvidia,rtx-3080ti,1
Amazon,Nvidia,rtx-3080ti,1
Amazon,Nvidia,rtx-3080ti,1
Amazon,Nvidia,rtx-3080ti,1
Amazon,Nvidia,rtx-3080ti,1
Amazon,Nvidia,rtx-3080ti,4
Amazon,Nvidia,rtx-3080ti,1
Amazon,Nvidia,rtx-3080ti,1
Amazon,Nvidia,rtx-3080ti,2
Amazon,Nvidia,rtx-3080ti,1
Amazon,Nvidia,rtx-3080ti,1
Amazon,Nvidia,rtx-3080ti,1
Amazon,Nvidia,rtx-3080ti,1
Amazon,Nvidia,rtx-3080ti,1
Amazon,Nvidia,rtx-3080ti,1
Amazon,Nvidia,rtx-3080ti,1
Amazon,Nvidia,rtx-3080ti,1
Amazon,Nvidia,rtx-3080ti,1
Amazon,Nvidia,rtx-3080ti,2
Amazon,Nvidia,rtx-3080ti,173
Amazon,Nvidia,rtx-3080ti,3
Amazon,Nvidia,rtx-3080ti,1
Amazon,Nvidia,rtx-3080ti,2
Amazon,Nvidia,rtx-3080ti,1
Amazon,Nvidia,rtx-3080ti,2
Amazon,Nvidia,rtx-3080ti,1
Amazon,Nvidia,rtx-3080ti,7
Amazon,Nvidia,rtx-3080ti,1
Amazon,Nvidia,rtx-3080ti,3
Amazon,Nvidia,rtx-3080ti,1
Amazon,Nvidia,rtx-3080ti,1
Amazon,Nvidia,rtx-3080ti,1
Amazon,Nvidia,rtx-3080ti,1
Amazon,Nvidia,rtx-3080ti,1320
Amazon,Nvidia,rtx-3080ti,20
Amazon,Nvidia,rtx-3080ti,8
Amazon,Nvidia,rtx-3080ti,40
Amazon,Nvidia,rtx-3080ti,96
Amazon,Nvidia,rtx-3080ti,84
Amazon,Nvidia,rtx-3080ti,152
Amazon,Nvidia,rtx-3080ti,40
Amazon,Nvidia,rtx-3080ti,8
Amazon,Nvidia,rtx-3080ti,16
Amazon,Nvidia,rtx-3080ti,60
Amazon,Nvidia,rtx-3080ti,36
Amazon,Nvidia,rtx-3080ti,12
Amazon,Nvidia,rtx-3080ti,1
Amazon,Nvidia,rtx-3080ti,1
Amazon,Nvidia,rtx-3080ti,1
Amazon,Nvidia,rtx-3080ti,6820
Amazon,Nvidia,rtx-3080ti,6820
Amazon,Nvidia,rtx-3080ti,6820
Amazon,Nvidia,rtx-3080ti,6820
Amazon,Nvidia,rtx-3080ti,6820
Amazon,Nvidia,rtx-3080ti,6820
Amazon,Nvidia,rtx-3080ti,28
Amazon,Nvidia,rtx-3080ti,1
Amazon,Nvidia,rtx-3080ti,1
Amazon,Nvidia,rtx-3080ti,1
Amazon,Nvidia,rtx-3080ti,24
Amazon,Nvidia,rtx-3080ti,16
Amazon,Nvidia,rtx-3080ti,1
Amazon,Nvidia,rtx-3080ti,276
Amazon,Nvidia,rtx-3080ti,8
Amazon,Nvidia,rtx-3080ti,1
Amazon,Nvidia,rtx-3080ti,28
Amazon,Nvidia,rtx-3080ti,60
Amazon,Nvidia,rtx-3080ti,8
Amazon,Nvidia,rtx-3080ti,1
Amazon,Nvidia,rtx-3080ti,1
Amazon,Nvidia,rtx-3080ti,164
Amazon,Nvidia,rtx-3080ti,8
Amazon,Nvidia,rtx-3080ti,8
Amazon,Nvidia,rtx-3080ti,1
Amazon,Nvidia,rtx-3080ti,1
Amazon,Nvidia,rtx-3080ti,16
Amazon,Nvidia,rtx-3080ti,3320
Amazon,Nvidia,rtx-3080ti,352
Amazon,Nvidia,rtx-3080ti,2320
Amazon,Nvidia,rtx-3080ti,1
Amazon,Nvidia,rtx-3080ti,36
Amazon,Nvidia,rtx-3080ti,8
Amazon,Nvidia,rtx-3080ti,60
Amazon,Nvidia,rtx-3080ti,1
Amazon,Nvidia,rtx-3080ti,112
Amazon,Nvidia,rtx-3080ti,1
Amazon,Nvidia,rtx-3080ti,1
Amazon,Nvidia,rtx-3080ti,8
Amazon,Nvidia,rtx-3080ti,1
Amazon,Nvidia,rtx-3080ti,1
Amazon,Nvidia,rtx-3080ti,180
Amazon,Nvidia,rtx-3080ti,1
Amazon,Nvidia,rtx-3080ti,1
Amazon,Nvidia,rtx-3080ti,1
Amazon,Nvidia,rtx-3080ti,21484
Amazon,Nvidia,rtx-3080ti,1
Amazon,Nvidia,rtx-3080ti,1036
Amazon,Nvidia,rtx-3080ti,20
Amazon,Nvidia,rtx-3080ti,20700
Amazon,Nvidia,rtx-3080ti,8
Amazon,Nvidia,rtx-3080ti,1
Amazon,Nvidia,rtx-3080ti,29000
Amazon,Nvidia,rtx-3080ti,1
Amazon,Nvidia,rtx-3080ti,6232
Amazon,Nvidia,rtx-3080ti,4
Amazon,Nvidia,rtx-3080ti,1
Amazon,Nvidia,rtx-3080ti,1
Amazon,Nvidia,rtx-3080ti,3316
Amazon,Nvidia,rtx-3080ti,392
Amazon,Nvidia,rtx-3080ti,92
Amazon,Nvidia,rtx-3080ti,24
Amazon,Nvidia,rtx-3080ti,180
Amazon,Nvidia,rtx-3080ti,208
Amazon,Nvidia,rtx-3080ti,104
Amazon,Nvidia,rtx-3080ti,700
Amazon,Nvidia,rtx-3080ti,1
Amazon,Nvidia,rtx-3080ti,60
Amazon,Nvidia,rtx-3080ti,20
Amazon,Nvidia,rtx-3080ti,20
Amazon,Nvidia,rtx-3080ti,1604
Amazon,Nvidia,rtx-3080ti,412
Amazon,Nvidia,rtx-3080ti,1
Amazon,Nvidia,rtx-3080ti,1804
Amazon,Nvidia,rtx-3080ti,4
Amazon,Nvidia,rtx-3080ti,52
Amazon,Nvidia,rtx-3080ti,32
Amazon,Nvidia,rtx-3080ti,136
Amazon,Nvidia,rtx-3080ti,48
Amazon,Nvidia,rtx-3080ti,24
Amazon,Nvidia,rtx-3080ti,488
Amazon,Nvidia,rtx-3080ti,272
Amazon,Nvidia,rtx-3080ti,1
Amazon,Nvidia,rtx-3080ti,1
Amazon,Nvidia,rtx-3080ti,3684
Amazon,Nvidia,rtx-3080ti,1
Amazon,Nvidia,rtx-3080ti,1
Amazon,Nvidia,rtx-3080ti,4
Amazon,Nvidia,rtx-3080ti,516
Amazon,Nvidia,rtx-3080ti,1
Amazon,Nvidia,rtx-3080ti,552
Amazon,Nvidia,rtx-3080ti,1
Amazon,Nvidia,rtx-3080ti,1
Amazon,Nvidia,rtx-3080ti,240
Amazon,Nvidia,rtx-3080ti,8
Amazon,Nvidia,rtx-3080ti,8
Amazon,Nvidia,rtx-3080ti,16
Amazon,Nvidia,rtx-3080ti,6920
Amazon,Nvidia,rtx-3080ti,120
Amazon,Nvidia,rtx-3080ti,900
Amazon,Nvidia,rtx-3080ti,1
Amazon,Nvidia,rtx-3080ti,1
Amazon,Nvidia,rtx-3080ti,592
Amazon,Nvidia,rtx-3080ti,1
Amazon,Nvidia,rtx-3080ti,8
Amazon,Nvidia,rtx-3080ti,1
Amazon,Nvidia,rtx-3080ti,28
Amazon,Nvidia,rtx-3080ti,336
Amazon,Nvidia,rtx-3080ti,8
Amazon,Nvidia,rtx-3090,712
Amazon,Nvidia,rtx-3090,40
Amazon,Nvidia,rtx-3090,4
Amazon,Nvidia,rtx-3090,548
Amazon,Nvidia,rtx-3090,500
Amazon,Nvidia,rtx-3090,1
Amazon,Nvidia,rtx-3090,88
Amazon,Nvidia,rtx-3090,64
Amazon,Nvidia,rtx-3090,4
Amazon,Nvidia,rtx-3090,580
Amazon,Nvidia,rtx-3090,88
Amazon,Nvidia,rtx-3090,12
Amazon,Nvidia,rtx-3090,1
Amazon,Nvidia,rtx-3090,5008
Amazon,Nvidia,rtx-3090,40
Amazon,Nvidia,rtx-3090,28
Amazon,Nvidia,rtx-3090,344
Amazon,Nvidia,rtx-3090,1069
Amazon,Nvidia,rtx-3090,1
Amazon,Nvidia,rtx-3090,336
Amazon,Nvidia,rtx-3090,1
Amazon,Nvidia,rtx-3090,4
Amazon,Nvidia,rtx-3090,1188
Amazon,Nvidia,rtx-3090,4
Amazon,Nvidia,rtx-3090,1
Amazon,Nvidia,rtx-3090,1
Amazon,Nvidia,rtx-3090,4
Amazon,Nvidia,rtx-3090,1
Amazon,Nvidia,rtx-3090,1
Amazon,Nvidia,rtx-3090,1
Amazon,Nvidia,rtx-3090,1
Amazon,Nvidia,rtx-3090,18824
Amazon,Nvidia,rtx-3090,4
Amazon,Nvidia,rtx-3090,280
Amazon,Nvidia,rtx-3090,656
Amazon,Nvidia,rtx-3090,852
Amazon,Nvidia,rtx-3090,1584
Amazon,Nvidia,rtx-3090,2820
Amazon,Nvidia,rtx-3090,476
Amazon,Nvidia,rtx-3090,1
Amazon,Nvidia,rtx-3090,1896
Amazon,Nvidia,rtx-3090,1
Amazon,Nvidia,rtx-3090,24
Amazon,Nvidia,rtx-3090,4
Amazon,Nvidia,rtx-3090,4
Amazon,Nvidia,rtx-3090,8
Amazon,Nvidia,rtx-3090,72
Amazon,Nvidia,rtx-3090,100
Amazon,Nvidia,rtx-3090,308
Amazon,Nvidia,rtx-3090,172
Amazon,Nvidia,rtx-3090,1
Amazon,Nvidia,rtx-3090,60
Amazon,Nvidia,rtx-3090,8
Amazon,Nvidia,rtx-3090,8
Amazon,Nvidia,rtx-3090,8
Amazon,Nvidia,rtx-3090,216
Amazon,Nvidia,rtx-3090,4
Amazon,Nvidia,rtx-3090,4
Amazon,Nvidia,rtx-3090,1
Amazon,Nvidia,rtx-3090,1
Amazon,Nvidia,rtx-3090,4
Amazon,Nvidia,rtx-3090,1
Amazon,Nvidia,rtx-3090,1
Amazon,Nvidia,rtx-3090,1
Amazon,Nvidia,rtx-3090,1
Amazon,Nvidia,rtx-3090,1
Amazon,Nvidia,rtx-3090,4
Amazon,Nvidia,rtx-3090,1
Amazon,Nvidia,rtx-3090,4
Amazon,Nvidia,rtx-3090,1
Amazon,Nvidia,rtx-3090,1
Amazon,Nvidia,rtx-3090,4
Amazon,Nvidia,rtx-3090,1
Amazon,Nvidia,rtx-3090,4
Amazon,Nvidia,rtx-3090,1
Amazon,Nvidia,rtx-3090,4
Amazon,Nvidia,rtx-3090,4
Amazon,Nvidia,rtx-3090,1
Amazon,Nvidia,rtx-3090,28
Amazon,Nvidia,rtx-3090,4
Amazon,Nvidia,rtx-3090,1
Amazon,Nvidia,rtx-3090,4
Amazon,Nvidia,rtx-3090,4
Amazon,Nvidia,rtx-3090,4
Amazon,Nvidia,rtx-3090,1
Amazon,Nvidia,rtx-3090,4
Amazon,Nvidia,rtx-3090,8
Amazon,Nvidia,rtx-3090,8
Amazon,Nvidia,rtx-3090,1
Amazon,Nvidia,rtx-3090,1
Amazon,Nvidia,rtx-3090,1
Amazon,Nvidia,rtx-3090,4
Amazon,Nvidia,rtx-3090,4
Amazon,Nvidia,rtx-3090,1
Amazon,Nvidia,rtx-3090,28
Amazon,Nvidia,rtx-3090,28
Amazon,Nvidia,rtx-3090,212
Amazon,Nvidia,rtx-3090,52
Amazon,Nvidia,rtx-3090,1
Amazon,Nvidia,rtx-3090,32
Amazon,Nvidia,rtx-3090,8
Amazon,Nvidia,rtx-3090,1
Amazon,Nvidia,rtx-3090,1
Amazon,Nvidia,rtx-3090,1
Amazon,Nvidia,rtx-3090,28
Amazon,Nvidia,rtx-3090,1404
Amazon CA,Nvidia,rtx-3090,1913
Amazon,Nvidia,rtx-3090,1
Amazon,Nvidia,rtx-3090,1
Amazon,Nvidia,rtx-3090,24
Amazon,Nvidia,rtx-3090,1
Amazon,Nvidia,rtx-3090,1
Amazon,Nvidia,rtx-3090,1
Amazon,Nvidia,rtx-3090,1
Amazon,Nvidia,rtx-3090,1
Amazon,Nvidia,rtx-3090,8
Amazon,Nvidia,rtx-3090,24
Amazon,Nvidia,rtx-3090,1
Amazon,Nvidia,rtx-3090,1
Amazon,Nvidia,rtx-3090,1
Amazon,Nvidia,rtx-3090,3
Amazon,Nvidia,rtx-3090,4
Amazon,Nvidia,rtx-3090,3
Amazon,Nvidia,rtx-3090,12
Amazon,Nvidia,rtx-3090,1
Amazon,Nvidia,rtx-3090,3
Amazon,Nvidia,rtx-3090,24
Amazon,Nvidia,rtx-3090,1
Amazon,Nvidia,rtx-3090,1
Amazon,Nvidia,rtx-3090,3
Amazon,Nvidia,rtx-3090,1
Amazon,Nvidia,rtx-3090,1
Amazon,Nvidia,rtx-3090,1
Amazon,Nvidia,rtx-3090,27
Amazon,Nvidia,rtx-3090,27
Amazon,Nvidia,rtx-3090,27
Amazon,Nvidia,rtx-3090,24
Amazon,Nvidia,rtx-3090,3
Amazon,Nvidia,rtx-3090,24
Amazon,Nvidia,rtx-3090,1
Amazon,Nvidia,rtx-3090,1
Amazon,Nvidia,rtx-3090,1
Amazon,Nvidia,rtx-3090,1
Amazon,Nvidia,rtx-3090,24
Amazon,Nvidia,rtx-3090,3
Amazon,Nvidia,rtx-3090,27
Amazon,Nvidia,rtx-3090,1
Amazon,Nvidia,rtx-3090,2
Amazon,Nvidia,rtx-3090,2
Amazon,Nvidia,rtx-3090,12
Amazon,Nvidia,rtx-3090,2
Amazon,Nvidia,rtx-3090,4
Amazon,Nvidia,rtx-3090,2
Amazon,Nvidia,rtx-3090,5
Amazon,Nvidia,rtx-3090,2
Amazon,Nvidia,rtx-3090,4
Amazon,Nvidia,rtx-3090,1
Amazon,Nvidia,rtx-3090,28
Amazon,Nvidia,rtx-3090,4
Amazon,Nvidia,rtx-3090,12
Amazon,Nvidia,rtx-3090,8
Amazon,Nvidia,rtx-3090,9
Amazon,Nvidia,rtx-3090,2
Amazon,Nvidia,rtx-3090,3
Amazon,Nvidia,rtx-3090,28
Amazon,Nvidia,rtx-3090,28
Amazon,Nvidia,rtx-3090,28
Amazon,Nvidia,rtx-3090,28
Amazon,Nvidia,rtx-3090,118
Amazon,Nvidia,rtx-3090,12
Amazon,Nvidia,rtx-3090,28
SamsClub,Nvidia,rtx-3090,1209
Amazon,Nvidia,rtx-3090,4
Amazon,Nvidia,rtx-3090,4
Amazon,Nvidia,rtx-3090,1
Amazon,Nvidia,rtx-3090,29
Amazon,Nvidia,rtx-3090,4
Amazon,Nvidia,rtx-3090,51
Amazon,Nvidia,rtx-3090,2
Amazon,Nvidia,rtx-3090,3
Amazon,Nvidia,rtx-3090,14
Amazon,Nvidia,rtx-3090,3
Amazon,Nvidia,rtx-3090,2
Amazon,Nvidia,rtx-3090,1
Amazon,Nvidia,rtx-3090,3
Amazon,Nvidia,rtx-3090,2
SamsClub,Nvidia,rtx-3090,32
Amazon,Nvidia,rtx-3090,1
Amazon,Nvidia,rtx-3090,1
Amazon,Nvidia,rtx-3090,2
Amazon,Nvidia,rtx-3090,1
Amazon,Nvidia,rtx-3090,1
Amazon,Nvidia,rtx-3090,1
Amazon,Nvidia,rtx-3090,1
Amazon,Nvidia,rtx-3090,3
Amazon,Nvidia,rtx-3090,1
Amazon,Nvidia,rtx-3090,1
Amazon,Nvidia,rtx-3090,2
Amazon,Nvidia,rtx-3090,1
Amazon,Nvidia,rtx-3090,4
Amazon,Nvidia,rtx-3090,2
Amazon,Nvidia,rtx-3090,1
Amazon,Nvidia,rtx-3090,1
Amazon,Nvidia,rtx-3090,1
Amazon,Nvidia,rtx-3090,1
Amazon,Nvidia,rtx-3090,1
Amazon,Nvidia,rtx-3090,1
Amazon,Nvidia,rtx-3090,2
Amazon,Nvidia,rtx-3090,2
Amazon,Nvidia,rtx-3090,1
Amazon,Nvidia,rtx-3090,1
Amazon,Nvidia,rtx-3090,2
Amazon,Nvidia,rtx-3090,2
Amazon,Nvidia,rtx-3090,2
Amazon,Nvidia,rtx-3090,1
Amazon,Nvidia,rtx-3090,1
Amazon,Nvidia,rtx-3090,2
Amazon,Nvidia,rtx-3090,1
Amazon,Nvidia,rtx-3090,12
Amazon,Nvidia,rtx-3090,1
Amazon,Nvidia,rtx-3090,1
Amazon,Nvidia,rtx-3090,4
Amazon,Nvidia,rtx-3090,4
Amazon,Nvidia,rtx-3090,1
Amazon,Nvidia,rtx-3090,1
Amazon,Nvidia,rtx-3090,1
Amazon,Nvidia,rtx-3090,1
Amazon,Nvidia,rtx-3090,1
Amazon,Nvidia,rtx-3090,7
BestBuy,Nvidia,rtx-3090,36
Amazon,Nvidia,rtx-3090,31
Amazon,Nvidia,rtx-3090,113
Amazon,Nvidia,rtx-3090,75
Amazon,Nvidia,rtx-3090,27
Amazon,Nvidia,rtx-3090,49
Amazon,Nvidia,rtx-3090,7
Amazon,Nvidia,rtx-3090,1
Amazon,Nvidia,rtx-3090,259
Amazon,Nvidia,rtx-3090,42
Amazon,Nvidia,rtx-3090,2464
Amazon,Nvidia,rtx-3090,9
Amazon,Nvidia,rtx-3090,1
Amazon,Nvidia,rtx-3090,17
Amazon,Nvidia,rtx-3090,160
Amazon,Nvidia,rtx-3090,3475
Amazon,Nvidia,rtx-3090,7
Amazon,Nvidia,rtx-3090,4
Amazon,Nvidia,rtx-3090,4
Amazon,Nvidia,rtx-3090,67
Amazon,Nvidia,rtx-3090,50
Amazon,Nvidia,rtx-3090,2
Amazon,Nvidia,rtx-3090,189
Amazon,Nvidia,rtx-3090,42
Amazon,Nvidia,rtx-3090,22
Amazon,Nvidia,rtx-3090,311
Amazon,Nvidia,rtx-3090,12
Amazon,Nvidia,rtx-3090,9
Amazon,Nvidia,rtx-3090,149
Amazon,Nvidia,rtx-3090,2
Amazon,Nvidia,rtx-3090,7
Amazon,Nvidia,rtx-3090,6820
Amazon,Nvidia,rtx-3090,6820
Amazon,Nvidia,rtx-3090,9
Amazon,Nvidia,rtx-3090,1
Amazon,Nvidia,rtx-3090,35
Amazon,Nvidia,rtx-3090,79
Amazon,Nvidia,rtx-3090,3
Amazon,Nvidia,rtx-3090,1
Amazon,Nvidia,rtx-3090,534
Amazon,Nvidia,rtx-3090,14
Amazon,Nvidia,rtx-3090,95
Amazon,Nvidia,rtx-3090,534
Amazon,Nvidia,rtx-3090,187
Amazon,Nvidia,rtx-3090,2
Amazon,Nvidia,rtx-3090,97
Amazon,Nvidia,rtx-3090,1
Amazon,Nvidia,rtx-3090,23
Amazon,Nvidia,rtx-3090,62
Amazon,Nvidia,rtx-3090,60
Amazon,Nvidia,rtx-3090,48
Amazon,Nvidia,rtx-3090,67
Amazon,Nvidia,rtx-3090,15
Amazon,Nvidia,rtx-3090,15
Amazon,Nvidia,rtx-3090,20
Amazon,Nvidia,rtx-3090,1
Amazon,Nvidia,rtx-3090,1
Amazon,Nvidia,rtx-3090,48
Amazon,Nvidia,rtx-3090,1
Amazon,Nvidia,rtx-3090,7
Amazon,Nvidia,rtx-3090,27
Amazon,Nvidia,rtx-3090,67
Amazon,Nvidia,rtx-3090,24
Amazon,Nvidia,rtx-3090,87
Amazon,Nvidia,rtx-3090,9
Amazon,Nvidia,rtx-3090,10
Amazon,Nvidia,rtx-3080,712
Amazon,Nvidia,rtx-3080,40
Amazon,Nvidia,rtx-3080,4
Amazon,Nvidia,rtx-3080,548
Amazon,Nvidia,rtx-3080,500
Amazon,Nvidia,rtx-3080,1
Amazon,Nvidia,rtx-3080,88
Amazon,Nvidia,rtx-3080,64
Amazon,Nvidia,rtx-3080,4
Amazon,Nvidia,rtx-3080,580
Amazon,Nvidia,rtx-3080,88
Amazon,Nvidia,rtx-3080,12
Amazon,Nvidia,rtx-3080,1
Amazon,Nvidia,rtx-3080,5008
Amazon,Nvidia,rtx-3080,40
Amazon,Nvidia,rtx-3080,28
Amazon,Nvidia,rtx-3080,344
Amazon,Nvidia,rtx-3080,1069
Amazon,Nvidia,rtx-3080,1
Amazon,Nvidia,rtx-3080,336
Amazon,Nvidia,rtx-3080,1
Amazon,Nvidia,rtx-3080,4
Amazon,Nvidia,rtx-3080,1188
Amazon,Nvidia,rtx-3080,4
Amazon,Nvidia,rtx-3080,1
Amazon,Nvidia,rtx-3080,1
Amazon,Nvidia,rtx-3080,4
Amazon,Nvidia,rtx-3080,1
Amazon,Nvidia,rtx-3080,1
Amazon,Nvidia,rtx-3080,1
Amazon,Nvidia,rtx-3080,1
Amazon,Nvidia,rtx-3080,18824
Amazon,Nvidia,rtx-3080,4
Amazon,Nvidia,rtx-3080,280
Amazon,Nvidia,rtx-3080,656
Amazon,Nvidia,rtx-3080,852
Amazon,Nvidia,rtx-3080,1584
Amazon,Nvidia,rtx-3080,2820
Amazon,Nvidia,rtx-3080,476
Amazon,Nvidia,rtx-3080,1
Amazon,Nvidia,rtx-3080,1896
Amazon,Nvidia,rtx-3080,1
Amazon,Nvidia,rtx-3080,24
Amazon,Nvidia,rtx-3080,4
Amazon,Nvidia,rtx-3080,4
Amazon,Nvidia,rtx-3080,8
Amazon,Nvidia,rtx-3080,72
Amazon,Nvidia,rtx-3080,100
Amazon,Nvidia,rtx-3080,308
Amazon,Nvidia,rtx-3080,172
Amazon,Nvidia,rtx-3080,1
Amazon,Nvidia,rtx-3080,60
Amazon,Nvidia,rtx-3080,8
Amazon,Nvidia,rtx-3080,8
Amazon,Nvidia,rtx-3080,8
Amazon,Nvidia,rtx-3080,216
Amazon,Nvidia,rtx-3080,4
Amazon,Nvidia,rtx-3080,4
Amazon,Nvidia,rtx-3080,1
Amazon,Nvidia,rtx-3080,1
Amazon,Nvidia,rtx-3080,4
Amazon,Nvidia,rtx-3080,1
Amazon,Nvidia,rtx-3080,1
Amazon,Nvidia,rtx-3080,1
Amazon,Nvidia,rtx-3080,1
Amazon,Nvidia,rtx-3080,1
Amazon,Nvidia,rtx-3080,4
Amazon,Nvidia,rtx-3080,1
Amazon,Nvidia,rtx-3080,4
Amazon,Nvidia,rtx-3080,1
Amazon,Nvidia,rtx-3080,1
Amazon,Nvidia,rtx-3080,4
Amazon,Nvidia,rtx-3080,1
Amazon,Nvidia,rtx-3080,4
Amazon,Nvidia,rtx-3080,1
Amazon,Nvidia,rtx-3080,4
Amazon,Nvidia,rtx-3080,4
Amazon,Nvidia,rtx-3080,1
Amazon,Nvidia,rtx-3080,28
Amazon,Nvidia,rtx-3080,4
Amazon,Nvidia,rtx-3080,1
Amazon,Nvidia,rtx-3080,4
Amazon,Nvidia,rtx-3080,4
Amazon,Nvidia,rtx-3080,4
Amazon,Nvidia,rtx-3080,1
Amazon,Nvidia,rtx-3080,4
Amazon,Nvidia,rtx-3080,8
Amazon,Nvidia,rtx-3080,8
Amazon,Nvidia,rtx-3080,1
Amazon,Nvidia,rtx-3080,1
Amazon,Nvidia,rtx-3080,1
Amazon,Nvidia,rtx-3080,4
Amazon,Nvidia,rtx-3080,4
Amazon,Nvidia,rtx-3080,1
Amazon,Nvidia,rtx-3080,28
Amazon,Nvidia,rtx-3080,28
Amazon,Nvidia,rtx-3080,212
Amazon,Nvidia,rtx-3080,52
Amazon,Nvidia,rtx-3080,1
Amazon,Nvidia,rtx-3080,32
Amazon,Nvidia,rtx-3080,8
Amazon,Nvidia,rtx-3080,1
Amazon,Nvidia,rtx-3080,1
Amazon,Nvidia,rtx-3080,1
Amazon,Nvidia,rtx-3080,28
Amazon,Nvidia,rtx-3080,1404
Amazon CA,Nvidia,rtx-3080,1913
Amazon,Nvidia,rtx-3060ti,712
Amazon,Nvidia,rtx-3060ti,40
Amazon,Nvidia,rtx-3060ti,4
Amazon,Nvidia,rtx-3060ti,548
Amazon,Nvidia,rtx-3060ti,500
Amazon,Nvidia,rtx-3060ti,1
Amazon,Nvidia,rtx-3060ti,88
Amazon,Nvidia,rtx-3060ti,64
Amazon,Nvidia,rtx-3060ti,4
Amazon,Nvidia,rtx-3060ti,580
Amazon,Nvidia,rtx-3060ti,88
Amazon,Nvidia,rtx-3060ti,12
Amazon,Nvidia,rtx-3060ti,1
Amazon,Nvidia,rtx-3060ti,5008
Amazon,Nvidia,rtx-3060ti,40
Amazon,Nvidia,rtx-3060ti,28
Amazon,Nvidia,rtx-3060ti,344
Amazon,Nvidia,rtx-3060ti,1069
Amazon,Nvidia,rtx-3060ti,1
Amazon,Nvidia,rtx-3060ti,336
Amazon,Nvidia,rtx-3060ti,1
Amazon,Nvidia,rtx-3060ti,4
Amazon,Nvidia,rtx-3060ti,1188
Amazon,Nvidia,rtx-3060ti,4
Amazon,Nvidia,rtx-3060ti,1
Amazon,Nvidia,rtx-3060ti,1
Amazon,Nvidia,rtx-3060ti,4
Amazon,Nvidia,rtx-3060ti,1
Amazon,Nvidia,rtx-3060ti,1
Amazon,Nvidia,rtx-3060ti,1
Amazon,Nvidia,rtx-3060ti,1
Amazon,Nvidia,rtx-3060ti,18824
Amazon,Nvidia,rtx-3060ti,4
Amazon,Nvidia,rtx-3060ti,280
Amazon,Nvidia,rtx-3060ti,656
Amazon,Nvidia,rtx-3060ti,852
Amazon,Nvidia,rtx-3060ti,1584
Amazon,Nvidia,rtx-3060ti,2820
Amazon,Nvidia,rtx-3060ti,476
Amazon,Nvidia,rtx-3060ti,1
Amazon,Nvidia,rtx-3060ti,1896
Amazon,Nvidia,rtx-3060ti,1
Amazon,Nvidia,rtx-3060ti,24
Amazon,Nvidia,rtx-3060ti,4
Amazon,Nvidia,rtx-3060ti,4
Amazon,Nvidia,rtx-3060ti,8
Amazon,Nvidia,rtx-3060ti,72
Amazon,Nvidia,rtx-3060ti,100
Amazon,Nvidia,rtx-3060ti,308
Amazon,Nvidia,rtx-3060ti,172
Amazon,Nvidia,rtx-3060ti,1
Amazon,Nvidia,rtx-3060ti,60
Amazon,Nvidia,rtx-3060,712
Amazon,Nvidia,rtx-3060,40
Amazon,Nvidia,rtx-3060,4
Amazon,Nvidia,rtx-3060,548
Amazon,Nvidia,rtx-3060,500
Amazon,Nvidia,rtx-3060,1
Amazon,Nvidia,rtx-3060,88
Amazon,Nvidia,rtx-3060,64
Amazon,Nvidia,rtx-3060,4
Amazon,Nvidia,rtx-3060,580
Amazon,Nvidia,rtx-3060,88
Amazon,Nvidia,rtx-3060,12
Amazon,Nvidia,rtx-3060,1
Amazon,Nvidia,rtx-3060,5008
Amazon,Nvidia,rtx-3060,40
Amazon,Nvidia,rtx-3060,28
Amazon,Nvidia,rtx-3060,344
Amazon,Nvidia,rtx-3060,1069
Amazon,Nvidia,rtx-3060,1
Amazon,Nvidia,rtx-3060,336
Amazon,Nvidia,rtx-3060,1
Amazon,Nvidia,rtx-3060,4
Amazon,Nvidia,rtx-3060,1188
Amazon,Nvidia,rtx-3060,4
Amazon,Nvidia,rtx-3060,1
Amazon,Nvidia,rtx-3060,1
Amazon,Nvidia,rtx-3060,4
Amazon,Nvidia,rtx-3060,1
Amazon,Nvidia,rtx-3060,1
Amazon,Nvidia,rtx-3060,1
Amazon,Nvidia,rtx-3060,1
Amazon,Nvidia,rtx-3060,18824
Amazon,Nvidia,rtx-3060,4
Amazon,Nvidia,rtx-3060,280
Amazon,Nvidia,rtx-3060,656
Amazon,Nvidia,rtx-3060,852
Amazon,Nvidia,rtx-3060,1584
Amazon,Nvidia,rtx-3060,2820
Amazon,Nvidia,rtx-3060,476
Amazon,Nvidia,rtx-3060,1
Amazon,Nvidia,rtx-3060,1896
Amazon,Nvidia,rtx-3060,1
Amazon,Nvidia,rtx-3060,24
Amazon,Nvidia,rtx-3060,4
Amazon,Nvidia,rtx-3060,4
Amazon,Nvidia,rtx-3060,8
Amazon,Nvidia,rtx-3060,72
Amazon,Nvidia,rtx-3060,100
Amazon,Nvidia,rtx-3060,308
Amazon,Nvidia,rtx-3060,172
Amazon,Nvidia,rtx-3060,1
Amazon,Nvidia,rtx-3060,60
Amazon,Nvidia,rtx-3060,8
Amazon,Nvidia,rtx-3060,8
Amazon,Nvidia,rtx-3060,8
Amazon,Nvidia,rtx-3060,216
Amazon,Nvidia,rtx-3060,4
Amazon,Nvidia,rtx-3060,4
Amazon,Nvidia,rtx-3060,1
Amazon,Nvidia,rtx-3060,1
Amazon,Nvidia,rtx-3060,4
Amazon,Nvidia,rtx-3060,1
Amazon,Nvidia,rtx-3060,1
Amazon,Nvidia,rtx-3060,1
Amazon,Nvidia,rtx-3060,1
Amazon,Nvidia,rtx-3060,1
Amazon,Nvidia,rtx-3060,4
Amazon,Nvidia,rtx-3060,1
Amazon,Nvidia,rtx-3060,4
Amazon,Nvidia,rtx-3060,1
Amazon,Nvidia,rtx-3060,1
Amazon,Nvidia,rtx-3060,4
Amazon,Nvidia,rtx-3060,1
Amazon,Nvidia,rtx-3060,4
Amazon,Nvidia,rtx-3060,1
Amazon,Nvidia,rtx-3060,4
Amazon,Nvidia,rtx-3060,4
Amazon,Nvidia,rtx-3060,1
Amazon,Nvidia,rtx-3060,28
Amazon,Nvidia,rtx-3060,4
Amazon,Nvidia,rtx-3060,1
Amazon,Nvidia,rtx-3060,4
Amazon,Nvidia,rtx-3060,4
Amazon,Nvidia,rtx-3060,4
Amazon,Nvidia,rtx-3060,1
Amazon,Nvidia,rtx-3060,4
Amazon,Nvidia,rtx-3060,8
Amazon,Nvidia,rtx-3060,8
Amazon,Nvidia,rtx-3060,1
Amazon,Nvidia,rtx-3060,1
Amazon,Nvidia,rtx-3060,1
Amazon,Nvidia,rtx-3060,4
Amazon,Nvidia,rtx-3060,4
Amazon,Nvidia,rtx-3060,1
Amazon,Nvidia,rtx-3060,28
Amazon,Nvidia,rtx-3060,28
Amazon,Nvidia,rtx-3060,212
Amazon,Nvidia,rtx-3060,52
Amazon,Nvidia,rtx-3060,1
Amazon,Nvidia,rtx-3060,32
Amazon,Nvidia,rtx-3060,8
Amazon,Nvidia,rtx-3060,1
Amazon,Nvidia,rtx-3060,1
Amazon,Nvidia,rtx-3060,1
Amazon,Nvidia,rtx-3060,28
Amazon,Nvidia,rtx-3060,1404
Amazon CA,Nvidia,rtx-3060,1913
Amazon,Nvidia,rtx-3060,1
Amazon,Nvidia,rtx-3060,1
Amazon,Nvidia,rtx-3060,24
Amazon,Nvidia,rtx-3060,1
Amazon,Nvidia,rtx-3060,1
Amazon,Nvidia,rtx-3060,1
Amazon,Nvidia,rtx-3060,1
Amazon,Nvidia,rtx-3060,1
Amazon,Nvidia,rtx-3060,8
Amazon,Nvidia,rtx-3060,24
Amazon,Nvidia,rtx-3060,1
Amazon,Nvidia,rtx-3060,1
Amazon,Nvidia,rtx-3060,1
Amazon,Nvidia,rtx-3060,3
Amazon,Nvidia,rtx-3060,4
Amazon,Nvidia,rtx-3060,3
Amazon,Nvidia,rtx-3060,12
Amazon,Nvidia,rtx-3060,1
Amazon,Nvidia,rtx-3060,3
Amazon,Nvidia,rtx-3060,24
Amazon,Nvidia,rtx-3060,1
Amazon,Nvidia,rtx-3060,1
Amazon,Nvidia,rtx-3060,3
Amazon,Nvidia,rtx-3060,1
Amazon,Nvidia,rtx-3060,1
Amazon,Nvidia,rtx-3060,1
Amazon,Nvidia,rtx-3060,27
Amazon,Nvidia,rtx-3060,27
Amazon,Nvidia,rtx-3060,27
Amazon,Nvidia,rtx-3060,24
Amazon,Nvidia,rtx-3060,3
Amazon,Nvidia,rtx-3060,24
Amazon,Nvidia,rtx-3060,1
Amazon,Nvidia,rtx-3060,1
Amazon,Nvidia,rtx-3060,1
Amazon,Nvidia,rtx-3060,1
Amazon,Nvidia,rtx-3060,24
Amazon,Nvidia,rtx-3060,3
Amazon,Nvidia,rtx-3060,27
Amazon,Nvidia,rtx-3060,1
Amazon,Nvidia,rtx-3060,2
Amazon,Nvidia,rtx-3060,2
Amazon,Nvidia,rtx-3060,12
Amazon,Nvidia,rtx-3060,2
Amazon,Nvidia,rtx-3060,4
Amazon,Nvidia,rtx-3060,2
Amazon,Nvidia,rtx-3060,5
Amazon,Nvidia,rtx-3060,2
Amazon,Nvidia,rtx-3060,4
Amazon,Nvidia,rtx-3060,1
Amazon,Nvidia,rtx-3060,28
Amazon,Nvidia,rtx-3060,4
Amazon,Nvidia,rtx-3060,12
Amazon,Nvidia,rtx-3060,8
Amazon,Nvidia,rtx-3060,9
Amazon,Nvidia,rtx-3060,2
Amazon,Nvidia,rtx-3060,3
Amazon,Nvidia,rtx-3060,28
Amazon,Nvidia,rtx-3060,28
Amazon,Nvidia,rtx-3060,28
Amazon,Nvidia,rtx-3060,28
Amazon,Nvidia,rtx-3060,118
Amazon,Nvidia,rtx-3060,12
Amazon,Nvidia,rtx-3060,28
SamsClub,Nvidia,rtx-3060,1209
Amazon,Nvidia,rtx-3060,4
Amazon,Nvidia,rtx-3060,4
Amazon,Nvidia,rtx-3060,1
Amazon,Nvidia,rtx-3060,29
Amazon,Nvidia,rtx-3060,4
Amazon,Nvidia,rtx-3060,51
Amazon,Nvidia,rtx-3060,2
Amazon,Nvidia,rtx-3060,3
Amazon,Nvidia,rtx-3060,14
Amazon,Nvidia,rtx-3060,3
Amazon,Nvidia,rtx-3060,2
Amazon,Nvidia,rtx-3060,1
Amazon,Nvidia,rtx-3060,3
Amazon,Nvidia,rtx-3060,2
SamsClub,Nvidia,rtx-3060,32
Amazon,Nvidia,rtx-3060,1
Amazon,Nvidia,rtx-3060,1
Amazon,Nvidia,rtx-3060,2
Amazon,Nvidia,rtx-3060,1
Amazon,Nvidia,rtx-3060,1
Amazon,Nvidia,rtx-3060,1
Amazon,Nvidia,rtx-3060,1
Amazon,Nvidia,rtx-3060,3
Amazon,Nvidia,rtx-3060,1
Amazon,Nvidia,rtx-3060,1
Amazon,Nvidia,rtx-3060,2
Amazon,Nvidia,rtx-3060,1
Amazon,Nvidia,rtx-3060,4
Amazon,Nvidia,rtx-3060,2
Amazon,Nvidia,rtx-3060,1
Amazon,Nvidia,rtx-3060,1
Amazon,Nvidia,rtx-3060,1
Amazon,Nvidia,rtx-3060,1
Amazon,Nvidia,rtx-3060,1
Amazon,Nvidia,rtx-3060,1
Amazon,Nvidia,rtx-3060,2
Amazon,Nvidia,rtx-3060,2
Amazon,Nvidia,rtx-3060,1
Amazon,Nvidia,rtx-3060,1
Amazon,Nvidia,rtx-3060,2
Amazon,Nvidia,rtx-3060,2
Amazon,Nvidia,rtx-3060,2
Amazon,Nvidia,rtx-3060,1
Amazon,Nvidia,rtx-3060,1
Amazon,Nvidia,rtx-3060,2
Amazon,Nvidia,rtx-3060,1
Amazon,Nvidia,rtx-3060,12
Amazon,Nvidia,rtx-3060,1
Amazon,Nvidia,rtx-3060,1
Amazon,Nvidia,rtx-3060,4
Amazon,Nvidia,rtx-3060,4
Amazon,Nvidia,rtx-3060,1
Amazon,Nvidia,rtx-3060,1
Amazon,Nvidia,rtx-3060,1
Amazon,Nvidia,rtx-3060,1
Amazon,Nvidia,rtx-3060,1
Amazon,Nvidia,rtx-3060,7
BestBuy,Nvidia,rtx-3060,36
Amazon,Nvidia,rtx-3060,31
Amazon,Nvidia,rtx-3060,113
Amazon,Nvidia,rtx-3060,75
Amazon,Nvidia,rtx-3060,27
Amazon,Nvidia,rtx-3060,49
Amazon,Nvidia,rtx-3060,7
Amazon,Nvidia,rtx-3060,1
Amazon,Nvidia,rtx-3060,259
Amazon,Nvidia,rtx-3060,42
Amazon,Nvidia,rtx-3060,2464
Amazon,Nvidia,rtx-3060,9
Amazon,Nvidia,rtx-3060,1
Amazon,Nvidia,rtx-3060,17
Amazon,AMD,rx5700,712
Amazon,AMD,rx5700,40
Amazon,AMD,rx5700,4
Amazon,AMD,rx5700,548
Amazon,AMD,rx5700,500
Amazon,AMD,rx5700,1
Amazon,AMD,rx5700,88
Amazon,AMD,rx5700,64
Amazon,AMD,rx5700,4
Amazon,AMD,rx5700,580
Amazon,AMD,rx5700,88
Amazon,AMD,rx5700,12
Amazon,AMD,rx5700,1
Amazon,AMD,rx5700,5008
Amazon,AMD,rx5700,40
Amazon,AMD,rx5700,28
Amazon,AMD,rx5700,344
Amazon,AMD,rx5700,1069
Amazon,AMD,rx5700,1
Amazon,AMD,rx5700,336
Amazon,AMD,rx5700,1
Amazon,AMD,rx5700,4
Amazon,AMD,rx5700,1188
Amazon,AMD,rx5700,4
Amazon,AMD,rx5700,1
Amazon,AMD,rx5700,1
Amazon,AMD,rx5700,4
Amazon,AMD,rx5700,1
Amazon,AMD,rx5700,1
Amazon,AMD,rx5700,1
Amazon,AMD,rx5700,1
Amazon,AMD,rx5700,18824
Amazon,AMD,rx5700,4
Amazon,AMD,rx5700,280
Amazon,AMD,rx5700,656
Amazon,AMD,rx5700,852
Amazon,AMD,rx5700,1584
Amazon,AMD,rx5700,2820
Amazon,AMD,rx5700,476
Amazon,AMD,rx5700,1
Amazon,AMD,rx5700,1896
Amazon,AMD,rx5700,1
Amazon,AMD,rx5700,24
Amazon,AMD,rx5700,4
Amazon,AMD,rx5700,4
Amazon,AMD,rx5700,8
Amazon,AMD,rx5700,72
Amazon,AMD,rx5700,100
Amazon,AMD,rx5700,308
Amazon,AMD,rx5700,172
Amazon,AMD,rx5700,1
Amazon,AMD,rx5700,60
Amazon,AMD,rx5700,8
Amazon,AMD,rx5700,8
Amazon,AMD,rx5700,8
Amazon,AMD,rx5700,216
Amazon,AMD,rx5700,4
Amazon,AMD,rx5700,4
Amazon,AMD,rx5700,1
Amazon,AMD,rx5700,1
Amazon,AMD,rx5700,4
Amazon,AMD,rx5700,1
Amazon,AMD,rx5700,1
Amazon,AMD,rx5700,1
Amazon,AMD,rx5700,1
Amazon,AMD,rx5700,1
Amazon,AMD,rx5700,4
Amazon,AMD,rx5700,1
Amazon,AMD,rx5700,4
Amazon,AMD,rx5700,1
Amazon,AMD,rx5700,1
Amazon,AMD,rx5700,4
Amazon,AMD,rx5700,1
Amazon,AMD,rx5700,4
Amazon,AMD,rx5700,1
Amazon,AMD,rx5700,4
Amazon,AMD,rx5700,4
Amazon,AMD,rx5700,1
Amazon,AMD,rx5700,28
Amazon,AMD,rx5700,4
Amazon,AMD,rx5700,1
Amazon,AMD,rx5700,4
Amazon,AMD,rx5700,4
Amazon,AMD,rx5700,4
Amazon,AMD,rx5700,1
Amazon,AMD,rx5700,4
Amazon,AMD,rx5700,8
Amazon,AMD,rx5700,8
Amazon,AMD,rx5700,1
Amazon,AMD,rx5700,1
Amazon,AMD,rx5700,1
Amazon,AMD,rx5700,4
Amazon,AMD,rx5700,4
Amazon,AMD,rx5700,1
Amazon,AMD,rx5700,28
Amazon,AMD,rx5700,28
Amazon,AMD,rx5700,212
Amazon,AMD,rx5700,52
Amazon,AMD,rx5700,1
Amazon,AMD,rx5700,32
Amazon,AMD,rx5700,8
Amazon,AMD,rx5700,1
Amazon,AMD,rx5700,1
Amazon,AMD,rx5700,1
Amazon,AMD,rx5700,28
Amazon,AMD,rx5700,1404
Amazon CA,AMD,rx5700,1913
Amazon,AMD,rx5700,1
Amazon,AMD,rx5700,1
Amazon,AMD,rx5700,24
Amazon,AMD,rx5700,1
Amazon,AMD,rx5700,1
Amazon,AMD,rx5700,1
Amazon,AMD,rx5700,1
Amazon,AMD,rx5700,1
Amazon,AMD,rx5700,8
Amazon,AMD,rx5700,24
Amazon,AMD,rx5700,1
Amazon,AMD,rx5700,1
Amazon,AMD,rx5700,1
Amazon,AMD,rx5700,3
Amazon,AMD,rx5700,4
Amazon,AMD,rx5700,3
Amazon,AMD,rx5700,12
Amazon,AMD,rx5700,1
Amazon,AMD,rx5700,3
Amazon,AMD,rx5700,24
Amazon,AMD,rx5700,1
Amazon,AMD,rx5700,1
Amazon,AMD,rx5700,3
Amazon,AMD,rx5700,1
Amazon,AMD,rx5700,1
Amazon,AMD,rx5700,1
Amazon,AMD,rx5700,27
Amazon,AMD,rx5700,27
Amazon,AMD,rx5700,27
Amazon,AMD,rx5700,24
Amazon,AMD,rx5700,3
Amazon,AMD,rx5700,24
Amazon,AMD,rx5700,1
Amazon,AMD,rx5700,1
Amazon,AMD,rx5700,1
Amazon,AMD,rx5700,1
Amazon,AMD,rx5700,24
Amazon,AMD,rx5700,3
Amazon,AMD,rx5700,27
Amazon,AMD,rx5700,1
Amazon,AMD,rx5700,2
Amazon,AMD,rx5700,2
Amazon,AMD,rx5700,12
Amazon,AMD,rx5700,2
Amazon,AMD,rx5700,4
Amazon,AMD,rx5700,2
Amazon,AMD,rx5700,5
Amazon,AMD,rx5700,2
Amazon,AMD,rx5700,4
Amazon,AMD,rx5700,1
Amazon,AMD,rx5700,28
Amazon,AMD,rx5700,4
Amazon,AMD,rx5700,12
Amazon,AMD,rx5700,8
Amazon,AMD,rx5700,9
Amazon,AMD,rx5700,2
Amazon,AMD,rx5700,3
Amazon,AMD,rx5700,28
Amazon,AMD,rx5700,28
Amazon,AMD,rx5700,28
Amazon,AMD,rx5700,28
Amazon,AMD,rx5700,118
Amazon,AMD,rx5700,12
Amazon,AMD,rx5700,28
SamsClub,AMD,rx5700,1209
Amazon,AMD,rx5700,4
Amazon,AMD,rx5700,4
Amazon,AMD,rx5700,1
Amazon,AMD,rx5700,29
Amazon,AMD,rx5700,4
Amazon,AMD,rx5700,51
Amazon,AMD,rx5700,2
Amazon,AMD,rx5700,3
Amazon,AMD,rx5700,14
Amazon,AMD,rx5700,3
Amazon,AMD,rx5700,2
Amazon,AMD,rx5700,1
Amazon,AMD,rx5700,3
Amazon,AMD,rx5700,2
SamsClub,AMD,rx5700,32
Amazon,AMD,rx5700,1
Amazon,AMD,rx5700,1
Amazon,AMD,rx5700,2
Amazon,AMD,rx5700,1
Amazon,AMD,rx5700,1
Amazon,AMD,rx5700,1
Amazon,AMD,rx5700,1
Amazon,AMD,rx5700,3
Amazon,AMD,rx5700,1
Amazon,AMD,rx5700,1
Amazon,AMD,rx5700,2
Amazon,AMD,rx5700,1
Amazon,AMD,rx5700,4
Amazon,AMD,rx5700,2
Amazon,AMD,rx5700,1
Amazon,AMD,rx5700,1
Amazon,AMD,rx5700,1
Amazon,AMD,rx5700,1
Amazon,AMD,rx5700,1
Amazon,AMD,rx5700,1
Amazon,AMD,rx5700,2
Amazon,AMD,rx5700,2
Amazon,AMD,rx5700,1
Amazon,AMD,rx5700,1
Amazon,AMD,rx5700,2
Amazon,AMD,rx5700,2
Amazon,AMD,rx5700,2
Amazon,AMD,rx5700,1
Amazon,AMD,rx5700,1
Amazon,AMD,rx5700,2
Amazon,AMD,rx5700,1
Amazon,AMD,rx5700,12
Amazon,AMD,rx5700,1
Amazon,AMD,rx5700,1
Amazon,AMD,rx5700,4
Amazon,AMD,rx5700,4
Amazon,AMD,rx5700,1
Amazon,AMD,rx5700,1
Amazon,AMD,rx5700,1
Amazon,AMD,rx5700,1
Amazon,AMD,rx5700,1
Amazon,AMD,rx5700,7
BestBuy,AMD,rx5700,36
Amazon,AMD,rx5700,31
Amazon,AMD,rx5700,113
Amazon,AMD,rx5700,75
Amazon,AMD,rx5700,27
Amazon,AMD,rx5700,49
Amazon,AMD,rx5700,7
Amazon,AMD,rx5700,1
Amazon,AMD,rx5700,259
Amazon,AMD,rx5700,42
Amazon,AMD,rx5700,2464
Amazon,AMD,rx5700,9
Amazon,AMD,rx5700,1
Amazon,AMD,rx5700,17
Amazon,AMD,rx5700,160
Amazon,AMD,rx5700,3475
Amazon,AMD,rx5700,7
Amazon,AMD,rx5700,4
Amazon,AMD,rx5700,4
Amazon,AMD,rx5700,67
Amazon,AMD,rx5700,50
Amazon,AMD,rx5700,2
Amazon,AMD,rx5700,189
Amazon,AMD,rx5700,42
Amazon,AMD,rx5700,22
Amazon,AMD,rx5700,311
Amazon,AMD,rx5700,12
Amazon,AMD,rx5700,9
Amazon,AMD,rx5700,149
Amazon,AMD,rx5700,2
Amazon,AMD,rx5700,7
Amazon,AMD,rx5700,6820
Amazon,AMD,rx5700,6820
Amazon,AMD,rx5700,9
Amazon,AMD,rx5700,1
Amazon,AMD,rx5700,35
Amazon,AMD,rx5700,79
Amazon,AMD,rx5700,3
Amazon,AMD,rx5700,1
Amazon,AMD,rx5700,534
Amazon,AMD,rx5700,14
Amazon,AMD,rx5700,95
Amazon,AMD,rx5700,534
Amazon,AMD,rx5700,187
Amazon,AMD,rx5700,2
Amazon,AMD,rx5700,97
Amazon,AMD,rx5700,1
Amazon,AMD,rx5700,23
Amazon,AMD,rx5700,62
Amazon,AMD,rx5700,60
Amazon,AMD,rx5700,48
Amazon,AMD,rx5700,67
Amazon,AMD,rx5700,15
Amazon,AMD,rx5700,15
Amazon,AMD,rx5700,20
Amazon,AMD,rx5700,1
Amazon,AMD,rx5700,1
Amazon,AMD,rx5700,48
Amazon,AMD,rx5700,1
Amazon,AMD,rx5700,7
Amazon,AMD,rx5700,27
Amazon,AMD,rx5700,67
Amazon,AMD,rx5700,24
Amazon,AMD,rx5700,87
Amazon,AMD,rx5700,9
Amazon,AMD,rx5700,10
Amazon,AMD,rx5700,95
Amazon,AMD,rx5700,7
Amazon,AMD,rx5700,222
Amazon,AMD,rx5700,35
Amazon,AMD,rx5700,12
Amazon,AMD,rx5700,4
Amazon,AMD,rx5700,1
Amazon,AMD,rx5700,20
Amazon,AMD,rx5700,11
Amazon,AMD,rx5700,127
Amazon,AMD,rx5700,14
Amazon,AMD,rx5700,11
Amazon,AMD,rx5700,16
Amazon,AMD,rx5700,20
Amazon,AMD,rx5700,1
Amazon,AMD,rx5700,4
Amazon,AMD,rx5700,121
Amazon,AMD,rx5700,1
Amazon,AMD,rx5700,1
Amazon,AMD,rx5700,1
Amazon,AMD,rx5700,82
Amazon,AMD,rx5700,12
Amazon,AMD,rx5700,2
Amazon,AMD,rx5700,2
Amazon,AMD,rx5700,19
Amazon,AMD,rx5700,10
Amazon,AMD,rx5700,27
Amazon,AMD,rx5700,1
Amazon,AMD,rx5700,14
Amazon,AMD,rx5700,14
Amazon,AMD,rx5700,7
Amazon,AMD,rx5700,7
Amazon,AMD,rx5700,7
Amazon,AMD,rx5700,1
Amazon,AMD,rx5700,9
Amazon,AMD,rx5700,1
Amazon,AMD,rx5700,1
Amazon,AMD,rx5700,7
Amazon,AMD,rx5700,7
Amazon,AMD,rx5700,12
Amazon,AMD,rx5700,3
Amazon,AMD,rx5700,1
Amazon,AMD,rx5700,1
Amazon,AMD,rx5700,1
Amazon,AMD,rx5700,2
Amazon,AMD,rx5700,1
Amazon,AMD,rx5700,1
Amazon,AMD,rx5700,2
Amazon,AMD,rx5700,1
Amazon,AMD,rx5700,4
Amazon,AMD,rx5700,1
Amazon,AMD,rx5700,1
Amazon,AMD,rx5700,1
Amazon,AMD,rx5700,4898
Amazon,AMD,rx5700,8
Amazon,AMD,rx5700,1
Amazon,AMD,rx5700,1
Amazon,AMD,rx5700,1
Amazon,AMD,rx5700,1
Amazon,AMD,rx5700,5
Amazon,AMD,rx5700,1
Amazon,AMD,rx5700,1
Amazon,AMD,rx5700,101
Amazon,AMD,rx5700,7
Amazon,AMD,rx5700,9
Amazon,AMD,rx5700,7
Amazon,AMD,rx5700,1
Amazon,AMD,rx5700,6
Amazon,AMD,rx5700,1
Amazon,AMD,rx5700,1
Amazon,AMD,rx5700,1
Amazon,AMD,rx5700,1
Amazon,AMD,rx5700,1
Amazon,AMD,rx5700,7861
Amazon,AMD,rx5700,19441
Amazon,AMD,rx5700,2415
Amazon,AMD,rx5700,124
Amazon,AMD,rx5700,5
Amazon,AMD,rx5700,7
Amazon,AMD,rx5700,161
Amazon,AMD,rx5700,1
Amazon,AMD,rx5700,4
Amazon,AMD,rx5700,32
Amazon,AMD,rx5700,1
Amazon,AMD,rx5700,21
Amazon,AMD,rx5700,1
Amazon,AMD,rx5700,13
Amazon,AMD,rx5700,7
Amazon,AMD,rx5700,1
Amazon,AMD,rx5700,1
Amazon,AMD,rx5700,1
Amazon,AMD,rx5700,1
Amazon,AMD,rx5700,8
Amazon,AMD,rx5700,33466
Amazon,AMD,rx5700,13987
Amazon,AMD,rx5700,1
Amazon,AMD,rx5700,5728
Amazon,AMD,rx5700,342
Amazon,AMD,rx5700,7337
Amazon,AMD,rx5700,24
Amazon,AMD,rx5700,7
Amazon,AMD,rx5700,1
Amazon,AMD,rx5700,25602
Amazon,AMD,rx5700,2
Amazon,AMD,rx5700,12211
Amazon,AMD,rx5700,4
Amazon,AMD,rx5700,3
Amazon,AMD,rx5700,4
Amazon,AMD,rx5700,9
Amazon,AMD,rx5700,3
Amazon,AMD,rx5700,1063
Amazon,AMD,rx5700,209
Amazon,AMD,rx5700,8
Amazon,AMD,rx5700,1
Amazon,AMD,rx5700,1
Amazon,AMD,rx5700,8
Amazon,AMD,rx5700,2
Amazon,AMD,rx5700,2
Amazon,AMD,rx5700,7
Amazon,AMD,rx5700,3
Amazon,AMD,rx5700,4
Amazon,AMD,rx5700,2
Amazon,AMD,rx5700,2
Amazon,AMD,rx5700,1
Amazon,AMD,rx5700,1
Amazon,AMD,rx5700,5
Amazon,AMD,rx5700,9
Amazon,AMD,rx5700,1
Amazon,AMD,rx5700,1
Amazon,AMD,rx5700,1
Amazon,AMD,rx5700,3
Amazon,AMD,rx5700,3
Amazon,AMD,rx5700,1
Amazon,AMD,rx5700,1
Amazon,AMD,rx5700,4
Amazon,AMD,rx5700,1
Amazon,AMD,rx5700,2
Amazon,AMD,rx5700,2
Amazon,AMD,rx5700,1
Amazon,AMD,rx5700,1
Amazon,AMD,rx5700,3
Amazon,AMD,rx5700,1
Amazon,AMD,rx5700,1
Amazon,AMD,rx5700,1
Amazon,AMD,rx5700,1
Amazon,AMD,rx5700,1
Amazon,AMD,rx5700,1
Amazon,AMD,rx5700,1
Amazon,AMD,rx5700,1
Amazon,AMD,rx5700,1
Amazon,AMD,rx5700,4
Amazon,AMD,rx5700,1
Amazon,AMD,rx5700,1
Amazon,AMD,rx5700,2
Amazon,AMD,rx5700,1
Amazon,AMD,rx5700,1
Amazon,AMD,rx5700,1
Amazon,AMD,rx5700,1
Amazon,AMD,rx5700,1
Amazon,AMD,rx5700,1
Amazon,AMD,rx5700,1
Amazon,AMD,rx5700,1
Amazon,AMD,rx5700,1
Amazon,AMD,rx5700,2
Amazon,AMD,rx5700,173
Amazon,AMD,rx5700,3
Amazon,AMD,rx5700,1
Amazon,AMD,rx5700,2
Amazon,AMD,rx5700,1
Amazon,AMD,rx5700,2
Amazon,AMD,rx5700,1
Amazon,AMD,rx5700,7
Amazon,AMD,rx5700,1
Amazon,AMD,rx5700,3
Amazon,AMD,rx5700,1
Amazon,AMD,rx5700,1
Amazon,AMD,rx5700,1
Amazon,AMD,rx5700,1
Amazon,AMD,rx5700,1320
Amazon,AMD,rx5700,20
Amazon,AMD,rx5700,8
Amazon,AMD,rx5700,40
Amazon,AMD,rx5700,96
Amazon,AMD,rx5700,84
Amazon,AMD,rx5700,152
Amazon,AMD,rx5700,40
Amazon,AMD,rx5700,8
Amazon,AMD,rx5700,16
Amazon,AMD,rx5700,60
Amazon,AMD,rx5700,36
Amazon,AMD,rx5700,12
Amazon,AMD,rx5700,1
Amazon,AMD,rx5700,1
Amazon,AMD,rx5700,1
Amazon,AMD,rx5700,6820
Amazon,AMD,rx5700,6820
Amazon,AMD,rx5700,6820
Amazon,AMD,rx5700,6820
Amazon,AMD,rx5700,6820
Amazon,AMD,rx5700,6820
Amazon,AMD,rx5700,28
Amazon,AMD,rx5700,1
Amazon,AMD,rx5700,1
Amazon,AMD,rx5700,1
Amazon,AMD,rx5700,24
Amazon,AMD,rx5700,16
Amazon,AMD,rx5700,1
Amazon,AMD,rx5700,276
Amazon,AMD,rx5700,8
Amazon,AMD,rx5700,1
Amazon,AMD,rx5700,28
Amazon,AMD,rx5700,60
Amazon,AMD,rx5700,8
Amazon,AMD,rx5700,1
Amazon,AMD,rx5700,1
Amazon,AMD,rx5700,164
Amazon,AMD,rx5700,8
Amazon,AMD,rx5700,8
Amazon,AMD,rx5700,1
Amazon,AMD,rx5700,1
Amazon,AMD,rx5700,16
Amazon,AMD,rx5700,3320
Amazon,AMD,rx5700,352
Amazon,AMD,rx5700,2320
Amazon,AMD,rx5700,1
Amazon,AMD,rx5700,36
Amazon,AMD,rx5700,8
Amazon,AMD,rx5700,60
Amazon,AMD,rx5700,1
Amazon,AMD,rx5700,112
Amazon,AMD,rx5700,1
Amazon,AMD,rx5700,1
Amazon,AMD,rx5700,8
Amazon,AMD,rx5700,1
Amazon,AMD,rx5700,1
Amazon,AMD,rx5700,180
Amazon,AMD,rx5700,1
Amazon,AMD,rx5700,1
Amazon,AMD,rx5700,1
Amazon,AMD,rx5700,21484
Amazon,AMD,rx5700,1
Amazon,AMD,rx5700,1036
Amazon,AMD,rx5700,20
Amazon,AMD,rx5700,20700
Amazon,AMD,rx5700,8
Amazon,AMD,rx5700,1
Amazon,AMD,rx5700,29000
Amazon,AMD,rx5700,1
Amazon,AMD,rx5700,6232
Amazon,AMD,rx5700,4
Amazon,AMD,rx5700,1
Amazon,AMD,rx5700,1
Amazon,AMD,rx5700,3316
Amazon,AMD,rx5700,392
Amazon,AMD,rx5700,92
Amazon,AMD,rx5700,24
Amazon,AMD,rx5700,180
Amazon,AMD,rx5700,208
Amazon,AMD,rx5700,104
Amazon,AMD,rx5700,700
Amazon,AMD,rx5700,1
Amazon,AMD,rx5700,60
Amazon,AMD,rx5700,20
Amazon,AMD,rx5700,20
Amazon,AMD,rx5700,1604
Amazon,AMD,rx5700,412
Amazon,AMD,rx5700,1
Amazon,AMD,rx5700,1804
Amazon,AMD,rx5700,4
Amazon,AMD,rx5700,52
Amazon,AMD,rx5700,32
Amazon,AMD,rx5700,136
Amazon,AMD,rx5700,48
Amazon,AMD,rx5700,24
Amazon,AMD,rx5700,488
Amazon,AMD,rx5700,272
Amazon,AMD,rx5700,1
Amazon,AMD,rx5700,1
Amazon,AMD,rx5700,3684
Amazon,AMD,rx5700,1
Amazon,AMD,rx5700,1
Amazon,AMD,rx5700,4
Amazon,AMD,rx5700,516
Amazon,AMD,rx5700,1
Amazon,AMD,rx5700,552
Amazon,AMD,rx5700,1
Amazon,AMD,rx5700,1
Amazon,AMD,rx5700,240
Amazon,AMD,rx5700,8
Amazon,AMD,rx5700,8
Amazon,AMD,rx5700,16
Amazon,AMD,rx5700,6920
Amazon,AMD,rx5700,120
Amazon,AMD,rx5700,900
Amazon,AMD,rx5700,1
Amazon,AMD,rx5700,1
Amazon,AMD,rx5700,592
Amazon,AMD,rx5700,1
Amazon,AMD,rx5700,8
Amazon,AMD,rx5700,1
Amazon,AMD,rx5700,28
Amazon,AMD,rx5700,336
Amazon,AMD,rx5700,8
Amazon,AMD,600xt,712
Amazon,AMD,600xt,40
Amazon,AMD,600xt,4
Amazon,AMD,600xt,548
Amazon,AMD,600xt,500
Amazon,AMD,600xt,1
Amazon,AMD,600xt,88
Amazon,AMD,600xt,64
Amazon,AMD,600xt,4
Amazon,AMD,600xt,580
Amazon,AMD,600xt,88
Amazon,AMD,600xt,12
Amazon,AMD,600xt,1
Amazon,AMD,600xt,5008
Amazon,AMD,600xt,40
Amazon,AMD,600xt,28
Amazon,AMD,600xt,344
Amazon,AMD,600xt,1069
Amazon,AMD,600xt,1
Amazon,AMD,600xt,336
Amazon,AMD,600xt,1
Amazon,AMD,600xt,4
Amazon,AMD,600xt,1188
Amazon,AMD,600xt,4
Amazon,AMD,600xt,1
Amazon,AMD,600xt,1
Amazon,AMD,600xt,4
Amazon,AMD,600xt,1
Amazon,AMD,600xt,1
Amazon,AMD,600xt,1
Amazon,AMD,600xt,1
Amazon,AMD,600xt,18824
Amazon,AMD,600xt,4
Amazon,AMD,600xt,280
Amazon,AMD,600xt,656
Amazon,AMD,600xt,852
Amazon,AMD,600xt,1584
Amazon,AMD,600xt,2820
Amazon,AMD,600xt,476
Amazon,AMD,600xt,1
Amazon,AMD,600xt,1896
Amazon,AMD,600xt,1
Amazon,AMD,600xt,24
Amazon,AMD,600xt,4
Amazon,AMD,600xt,4
Amazon,AMD,600xt,8
Amazon,AMD,600xt,72
Amazon,AMD,600xt,100
Amazon,AMD,600xt,308
Amazon,AMD,600xt,172
Amazon,AMD,600xt,1
Amazon,AMD,600xt,60
Amazon,AMD,600xt,8
Amazon,AMD,600xt,8
Amazon,AMD,600xt,8
Amazon,AMD,600xt,216
Amazon,AMD,600xt,4
Amazon,AMD,600xt,4
Amazon,AMD,600xt,1
Amazon,AMD,600xt,1
Amazon,AMD,600xt,4
Amazon,AMD,600xt,1
Amazon,AMD,600xt,1
Amazon,AMD,600xt,1
Amazon,AMD,600xt,1
Amazon,AMD,600xt,1
Amazon,AMD,600xt,4
Amazon,AMD,600xt,1
Amazon,AMD,600xt,4
Amazon,AMD,600xt,1
Amazon,AMD,600xt,1
Amazon,AMD,600xt,4
Amazon,AMD,600xt,1
Amazon,AMD,600xt,4
Amazon,AMD,600xt,1
Amazon,AMD,600xt,4
Amazon,AMD,600xt,4
Amazon,AMD,600xt,1
Amazon,AMD,600xt,28
Amazon,AMD,600xt,4
Amazon,AMD,600xt,1
Amazon,AMD,600xt,4
Amazon,AMD,600xt,4
Amazon,AMD,600xt,4
Amazon,AMD,600xt,1
Amazon,AMD,600xt,4
Amazon,AMD,600xt,8
Amazon,AMD,600xt,8
Amazon,AMD,600xt,1
Amazon,AMD,600xt,1
Amazon,AMD,600xt,1
Amazon,AMD,600xt,4
Amazon,AMD,600xt,4
Amazon,AMD,600xt,1
Amazon,AMD,600xt,28
Amazon,AMD,600xt,28
Amazon,AMD,600xt,212
Amazon,AMD,600xt,52
Amazon,AMD,600xt,1
Amazon,AMD,600xt,32
Amazon,AMD,600xt,8
Amazon,AMD,600xt,1
Amazon,AMD,600xt,1
Amazon,AMD,600xt,1
Amazon,AMD,600xt,28
Amazon,AMD,600xt,1404
Amazon CA,AMD,600xt,1913
Amazon,AMD,600xt,1
Amazon,AMD,600xt,1
Amazon,AMD,600xt,24
Amazon,AMD,600xt,1
Amazon,AMD,600xt,1
Amazon,AMD,600xt,1
Amazon,AMD,600xt,1
Amazon,AMD,600xt,1
Amazon,AMD,600xt,8
Amazon,AMD,600xt,24
Amazon,AMD,600xt,1
Amazon,AMD,600xt,1
Amazon,AMD,600xt,1
Amazon,AMD,600xt,3
Amazon,AMD,600xt,4
Amazon,AMD,600xt,3
Amazon,AMD,600xt,12
Amazon,AMD,600xt,1
Amazon,AMD,600xt,3
Amazon,AMD,600xt,24
Amazon,AMD,600xt,1
Amazon,AMD,600xt,1
Amazon,AMD,600xt,3
Amazon,AMD,600xt,1
Amazon,AMD,600xt,1
Amazon,AMD,600xt,1
Amazon,AMD,600xt,27
Amazon,AMD,600xt,27
Amazon,AMD,600xt,27
Amazon,AMD,600xt,24
Amazon,AMD,600xt,3
Amazon,AMD,600xt,24
Amazon,AMD,600xt,1
Amazon,AMD,600xt,1
Amazon,AMD,600xt,1
Amazon,AMD,600xt,1
Amazon,AMD,600xt,24
Amazon,AMD,600xt,3
Amazon,AMD,600xt,27
Amazon,AMD,600xt,1
Amazon,AMD,600xt,2
Amazon,AMD,600xt,2
Amazon,AMD,600xt,12
Amazon,AMD,600xt,2
Amazon,AMD,600xt,4
Amazon,AMD,600xt,2
Amazon,AMD,600xt,5
Amazon,AMD,600xt,2
Amazon,AMD,600xt,4
Amazon,AMD,600xt,1
Amazon,AMD,600xt,28
Amazon,AMD,600xt,4
Amazon,AMD,600xt,12
Amazon,AMD,600xt,8
Amazon,AMD,600xt,9
Amazon,AMD,600xt,2
Amazon,AMD,600xt,3
Amazon,AMD,600xt,28
Amazon,AMD,600xt,28
Amazon,AMD,600xt,28
Amazon,AMD,600xt,28
Amazon,AMD,600xt,118
Amazon,AMD,600xt,12
Amazon,AMD,600xt,28
SamsClub,AMD,600xt,1209
Amazon,AMD,600xt,4
Amazon,AMD,600xt,4
Amazon,AMD,600xt,1
Amazon,AMD,600xt,29
Amazon,AMD,600xt,4
Amazon,AMD,600xt,51
Amazon,AMD,600xt,2
Amazon,AMD,600xt,3
Amazon,AMD,600xt,14
Amazon,AMD,600xt,3
Amazon,AMD,600xt,2
Amazon,AMD,600xt,1
Amazon,AMD,600xt,3
Amazon,AMD,600xt,2
SamsClub,AMD,600xt,32
Amazon,AMD,600xt,1
Amazon,AMD,600xt,1
Amazon,AMD,600xt,2
Amazon,AMD,600xt,1
Amazon,AMD,600xt,1
Amazon,AMD,600xt,1
Amazon,AMD,600xt,1
Amazon,AMD,600xt,3
Amazon,AMD,600xt,1
Amazon,AMD,600xt,1
Amazon,AMD,600xt,2
Amazon,AMD,600xt,1
Amazon,AMD,600xt,4
Amazon,AMD,600xt,2
Amazon,AMD,600xt,1
Amazon,AMD,600xt,1
Amazon,AMD,600xt,1
Amazon,AMD,600xt,1
Amazon,AMD,600xt,1
Amazon,AMD,600xt,1
Amazon,AMD,600xt,2
Amazon,AMD,600xt,2
Amazon,AMD,600xt,1
Amazon,AMD,600xt,1
Amazon,AMD,600xt,2
Amazon,AMD,600xt,2
Amazon,AMD,600xt,2
Amazon,AMD,600xt,1
Amazon,AMD,600xt,1
Amazon,AMD,600xt,2
Amazon,AMD,600xt,1
Amazon,AMD,600xt,12
Amazon,AMD,600xt,1
Amazon,AMD,600xt,1
Amazon,AMD,600xt,4
Amazon,AMD,600xt,4
Amazon,AMD,600xt,1
Amazon,AMD,600xt,1
Amazon,AMD,600xt,1
Amazon,AMD,600xt,1
Amazon,AMD,600xt,1
Amazon,AMD,600xt,7
BestBuy,AMD,600xt,36
Amazon,AMD,600xt,31
Amazon,AMD,600xt,113
Amazon,AMD,600xt,75
Amazon,AMD,600xt,27
Amazon,AMD,600xt,49
Amazon,AMD,600xt,7
Amazon,AMD,600xt,1
Amazon,AMD,600xt,259
Amazon,AMD,600xt,42
Amazon,AMD,600xt,2464
Amazon,AMD,600xt,9
Amazon,AMD,600xt,1
Amazon,AMD,600xt,17
Amazon,AMD,600xt,160
Amazon,AMD,600xt,3475
Amazon,AMD,600xt,7
Amazon,AMD,600xt,4
Amazon,AMD,600xt,4
Amazon,AMD,600xt,67
Amazon,AMD,600xt,50
Amazon,AMD,600xt,2
Amazon,AMD,600xt,189
Amazon,AMD,600xt,42
Amazon,AMD,600xt,22
Amazon,AMD,600xt,311
Amazon,AMD,600xt,12
Amazon,AMD,600xt,9
Amazon,AMD,600xt,149
Amazon,AMD,600xt,2
Amazon,AMD,600xt,7
Amazon,AMD,600xt,6820
Amazon,AMD,600xt,6820
Amazon,AMD,600xt,9
Amazon,AMD,600xt,1
Amazon,AMD,600xt,35
Amazon,AMD,600xt,79
Amazon,AMD,600xt,3
Amazon,AMD,600xt,1
Amazon,AMD,600xt,534
Amazon,AMD,600xt,14
Amazon,AMD,600xt,95
Amazon,AMD,600xt,534
Amazon,AMD,600xt,187
Amazon,AMD,600xt,2
Amazon,AMD,600xt,97
Amazon,AMD,600xt,1
Amazon,AMD,600xt,23
Amazon,AMD,600xt,62
Amazon,AMD,600xt,60
Amazon,AMD,600xt,48
Amazon,AMD,600xt,67
Amazon,AMD,600xt,15
Amazon,AMD,600xt,15
Amazon,AMD,600xt,20
Amazon,AMD,600xt,1
Amazon,AMD,600xt,1
Amazon,AMD,600xt,48
Amazon,AMD,600xt,1
Amazon,AMD,600xt,7
Amazon,AMD,600xt,27
Amazon,AMD,600xt,67
Amazon,AMD,600xt,24
Amazon,AMD,600xt,87
Amazon,AMD,600xt,9
Amazon,AMD,600xt,10
Amazon,AMD,600xt,95
Amazon,AMD,600xt,7
Amazon,AMD,600xt,222
Amazon,AMD,600xt,35
Amazon,AMD,600xt,12
Amazon,AMD,600xt,4
Amazon,AMD,600xt,1
Amazon,AMD,600xt,20
Amazon,AMD,600xt,11
Amazon,AMD,600xt,127
Amazon,AMD,600xt,14
Amazon,AMD,600xt,11
Amazon,AMD,600xt,16
Amazon,AMD,600xt,20
Amazon,AMD,600xt,1
Amazon,AMD,600xt,4
Amazon,AMD,600xt,121
Amazon,AMD,600xt,1
Amazon,AMD,600xt,1
Amazon,AMD,600xt,1
Amazon,AMD,600xt,82
Amazon,AMD,600xt,12
Amazon,AMD,600xt,2
Amazon,AMD,600xt,2
Amazon,AMD,600xt,19
Amazon,AMD,600xt,10
Amazon,AMD,600xt,27
Amazon,AMD,600xt,1
Amazon,AMD,600xt,14
Amazon,AMD,600xt,14
Amazon,AMD,600xt,7
Amazon,AMD,600xt,7
Amazon,AMD,600xt,7
Amazon,AMD,600xt,1
Amazon,AMD,600xt,9
Amazon,AMD,600xt,1
Amazon,AMD,600xt,1
Amazon,AMD,600xt,7
Amazon,AMD,600xt,7
Amazon,AMD,600xt,12
Amazon,AMD,600xt,3
Amazon,AMD,600xt,1
Amazon,AMD,600xt,1
Amazon,AMD,600xt,1
Amazon,AMD,600xt,2
Amazon,AMD,600xt,1
Amazon,AMD,600xt,1
Amazon,AMD,600xt,2
Amazon,AMD,600xt,1
Amazon,AMD,600xt,4
Amazon,AMD,600xt,1
Amazon,AMD,600xt,1
Amazon,AMD,600xt,1
Amazon,AMD,600xt,4898
Amazon,AMD,600xt,8
Amazon,AMD,600xt,1
Amazon,AMD,600xt,1
Amazon,AMD,600xt,1
Amazon,AMD,600xt,1
Amazon,AMD,600xt,5
Amazon,AMD,600xt,1
Amazon,AMD,600xt,1
Amazon,AMD,600xt,101
Amazon,AMD,600xt,7
Amazon,AMD,600xt,9
Amazon,AMD,600xt,7
Amazon,AMD,600xt,1
Amazon,AMD,600xt,6
Amazon,AMD,600xt,1
Amazon,AMD,600xt,1
Amazon,AMD,600xt,1
Amazon,AMD,600xt,1
Amazon,AMD,600xt,1
Amazon,AMD,rx6600,712
Amazon,AMD,rx6600,40
Amazon,AMD,rx6600,4
Amazon,AMD,rx6600,548
Amazon,AMD,rx6600,500
Amazon,AMD,rx6600,1
Amazon,AMD,rx6600,88
Amazon,AMD,rx6600,64
Amazon,AMD,rx6600,4
Amazon,AMD,rx6600,580
Amazon,AMD,rx6600,88
Amazon,AMD,rx6600,12
Amazon,AMD,rx6600,1
Amazon,AMD,rx6600,5008
Amazon,AMD,rx6600,40
Amazon,AMD,rx6600,28
Amazon,AMD,rx6600,344
Amazon,AMD,rx6600,1069
Amazon,AMD,rx6600,1
Amazon,AMD,rx6600,336
Amazon,AMD,rx6600,1
Amazon,AMD,rx6600,4
Amazon,AMD,rx6600,1188
Amazon,AMD,rx6600,4
Amazon,AMD,rx6600,1
Amazon,AMD,rx6600,1
Amazon,AMD,rx6600,4
Amazon,AMD,rx6600,1
Amazon,AMD,rx6600,1
Amazon,AMD,rx6600,1
Amazon,AMD,rx6600,1
Amazon,AMD,rx6600,18824
Amazon,AMD,rx6600,4
Amazon,AMD,rx6600,280
Amazon,AMD,rx6600,656
Amazon,AMD,rx6600,852
Amazon,AMD,rx6600,1584
Amazon,AMD,rx6600,2820
Amazon,AMD,rx6600,476
Amazon,AMD,rx6600,1
Amazon,AMD,rx6600,1896
Amazon,AMD,rx6600,1
Amazon,AMD,rx6600,24
Amazon,AMD,rx6600,4
Amazon,AMD,rx6600,4
Amazon,AMD,rx6600,8
Amazon,AMD,rx6600,72
Amazon,AMD,rx6600,100
Amazon,AMD,rx6600,308
Amazon,AMD,rx6600,172
Amazon,AMD,rx6600,1
Amazon,AMD,rx6600,60
Amazon,AMD,rx6600,8
Amazon,AMD,rx6600,8
Amazon,AMD,rx6600,8
Amazon,AMD,rx6600,216
Amazon,AMD,rx6600,4
Amazon,AMD,rx6600,4
Amazon,AMD,rx6600,1
Amazon,AMD,rx6600,1
Amazon,AMD,rx6600,4
Amazon,AMD,rx6600,1
Amazon,AMD,rx6600,1
Amazon,AMD,rx6600,1
Amazon,AMD,rx6600,1
Amazon,AMD,rx6600,1
Amazon,AMD,rx6600,4
Amazon,AMD,rx6600,1
Amazon,AMD,rx6600,4
Amazon,AMD,rx6600,1
Amazon,AMD,rx6600,1
Amazon,AMD,rx6600,4
Amazon,AMD,rx6600,1
Amazon,AMD,rx6600,4
Amazon,AMD,rx6600,1
Amazon,AMD,rx6600,4
Amazon,AMD,rx6600,4
Amazon,AMD,rx6600,1
Amazon,AMD,rx6600,28
Amazon,AMD,rx6600,4
Amazon,AMD,rx6600,1
Amazon,AMD,rx6600,4
Amazon,AMD,rx6600,4
Amazon,AMD,rx6600,4
Amazon,AMD,rx6600,1
Amazon,AMD,rx6600,4
Amazon,AMD,rx6600,8
Amazon,AMD,rx6600,8
Amazon,AMD,rx6600,1
Amazon,AMD,rx6600,1
Amazon,AMD,rx6600,1
Amazon,AMD,rx6600,4
Amazon,AMD,rx6600,4
Amazon,AMD,rx6600,1
Amazon,AMD,rx6600,28
Amazon,AMD,rx6600,28
Amazon,AMD,rx6600,212
Amazon,AMD,rx6600,52
Amazon,AMD,rx6600,1
Amazon,AMD,rx6600,32
Amazon,AMD,rx6600,8
Amazon,AMD,rx6600,1
Amazon,AMD,rx6600,1
Amazon,AMD,rx6600,1
Amazon,AMD,rx6600,28
Amazon,AMD,rx6600,1404
Amazon CA,AMD,rx6600,1913
Amazon,AMD,rx6600,1
Amazon,AMD,rx6600,1
Amazon,AMD,rx6600,24
Amazon,AMD,rx6600,1
Amazon,AMD,rx6600,1
Amazon,AMD,rx6600,1
Amazon,AMD,rx6600,1
Amazon,AMD,rx6600,1
Amazon,AMD,rx6600,8
Amazon,AMD,rx6600,24
Amazon,AMD,rx6600,1
Amazon,AMD,rx6600,1
Amazon,AMD,rx6600,1
Amazon,AMD,rx6600,3
Amazon,AMD,rx6600,4
Amazon,AMD,rx6600,3
Amazon,AMD,rx6600,12
Amazon,AMD,rx6600,1
Amazon,AMD,rx6600,3
Amazon,AMD,rx6600,24
Amazon,AMD,rx6600,1
Amazon,AMD,rx6600,1
Amazon,AMD,rx6600,3
Amazon,AMD,rx6600,1
Amazon,AMD,rx6600,1
Amazon,AMD,rx6600,1
Amazon,AMD,rx6600,27
Amazon,AMD,rx6600,27
Amazon,AMD,rx6600,27
Amazon,AMD,rx6600,24
Amazon,AMD,rx6600,3
Amazon,AMD,rx6600,24
Amazon,AMD,rx6600,1
Amazon,AMD,rx6600,1
Amazon,AMD,rx6600,1
Amazon,AMD,rx6600,1
Amazon,AMD,rx6600,24
Amazon,AMD,rx6600,3
Amazon,AMD,rx6600,27
Amazon,AMD,rx6600,1
Amazon,AMD,rx6700xt,712
Amazon,AMD,rx6700xt,40
Amazon,AMD,rx6700xt,4
Amazon,AMD,rx6700xt,548
Amazon,AMD,rx6700xt,500
Amazon,AMD,rx6700xt,1
Amazon,AMD,rx6700xt,88
Amazon,AMD,rx6700xt,64
Amazon,AMD,rx6700xt,4
Amazon,AMD,rx6700xt,580
Amazon,AMD,rx6700xt,88
Amazon,AMD,rx6700xt,12
Amazon,AMD,rx6700xt,1
Amazon,AMD,rx6700xt,5008
Amazon,AMD,rx6700xt,40
Amazon,AMD,rx6700xt,28
Amazon,AMD,rx6700xt,344
Amazon,AMD,rx6700xt,1069
Amazon,AMD,rx6700xt,1
Amazon,AMD,rx6700xt,336
Amazon,AMD,rx6700xt,1
Amazon,AMD,rx6700xt,4
Amazon,AMD,rx6700xt,1188
Amazon,AMD,rx6700xt,4
Amazon,AMD,rx6700xt,1
Amazon,AMD,rx6700xt,1
Amazon,AMD,rx6700xt,4
Amazon,AMD,rx6700xt,1
Amazon,AMD,rx6700xt,1
Amazon,AMD,rx6700xt,1
Amazon,AMD,rx6700xt,1
Amazon,AMD,rx6700xt,18824
Amazon,AMD,rx6700xt,4
Amazon,AMD,rx6700xt,280
Amazon,AMD,rx6700xt,656
Amazon,AMD,rx6700xt,852
Amazon,AMD,rx6700xt,1584
Amazon,AMD,rx6700xt,2820
Amazon,AMD,rx6700xt,476
Amazon,AMD,rx6700xt,1
Amazon,AMD,rx6700xt,1896
Amazon,AMD,rx6700xt,1
Amazon,AMD,rx6700xt,24
Amazon,AMD,rx6700xt,4
Amazon,AMD,rx6700xt,4
Amazon,AMD,rx6700xt,8
Amazon,AMD,rx6700xt,72
Amazon,AMD,rx6700xt,100
Amazon,AMD,rx6700xt,308
Amazon,AMD,rx6700xt,172
Amazon,AMD,rx6700xt,1
Amazon,AMD,rx6700xt,60
Amazon,AMD,rx6700xt,8
Amazon,AMD,rx6700xt,8
Amazon,AMD,rx6700xt,8
Amazon,AMD,rx6700xt,216
Amazon,AMD,rx6700xt,4
Amazon,AMD,rx6700xt,4
Amazon,AMD,rx6700xt,1
Amazon,AMD,rx6700xt,1
Amazon,AMD,rx6700xt,4
Amazon,AMD,rx6700xt,1
Amazon,AMD,rx6700xt,1
Amazon,AMD,rx6700xt,1
Amazon,AMD,rx6700xt,1
Amazon,AMD,rx6700xt,1
Amazon,AMD,rx6700xt,4
Amazon,AMD,rx6700xt,1
Amazon,AMD,rx6700xt,4
Amazon,AMD,rx6700xt,1
Amazon,AMD,rx6700xt,1
Amazon,AMD,rx6700xt,4
Amazon,AMD,rx6700xt,1
Amazon,AMD,rx6700xt,4
Amazon,AMD,rx6700xt,1
Amazon,AMD,rx6700xt,4
Amazon,AMD,rx6700xt,4
Amazon,AMD,rx6700xt,1
Amazon,AMD,rx6700xt,28
Amazon,AMD,rx6700xt,4
Amazon,AMD,rx6700xt,1
Amazon,AMD,rx6700xt,4
Amazon,AMD,rx6700xt,4
Amazon,AMD,rx6700xt,4
Amazon,AMD,rx6700xt,1
Amazon,AMD,rx6700xt,4
Amazon,AMD,rx6700xt,8
Amazon,AMD,rx6700xt,8
Amazon,AMD,rx6700xt,1
Amazon,AMD,rx6700xt,1
Amazon,AMD,rx6700xt,1
Amazon,AMD,rx6700xt,4
Amazon,AMD,rx6700xt,4
Amazon,AMD,rx6700xt,1
Amazon,AMD,rx6700xt,28
Amazon,AMD,rx6700xt,28
Amazon,AMD,rx6700xt,212
Amazon,AMD,rx6700xt,52
Amazon,AMD,rx6700xt,1
Amazon,AMD,rx6700xt,32
Amazon,AMD,rx6700xt,8
Amazon,AMD,rx6700xt,1
Amazon,AMD,rx6700xt,1
Amazon,AMD,rx6700xt,1
Amazon,AMD,rx6700xt,28
Amazon,AMD,rx6700xt,1404
Amazon CA,AMD,rx6700xt,1913
Amazon,AMD,rx6700xt,1
Amazon,AMD,rx6700xt,1
Amazon,AMD,rx6700xt,24
Amazon,AMD,rx6700xt,1
Amazon,AMD,rx6700xt,1
Amazon,AMD,rx6700xt,1
Amazon,AMD,rx6700xt,1
Amazon,AMD,rx6700xt,1
Amazon,AMD,rx6700xt,8
Amazon,AMD,rx6700xt,24
Amazon,AMD,rx6700xt,1
Amazon,AMD,rx6700xt,1
Amazon,AMD,rx6700xt,1
Amazon,AMD,rx6700xt,3
Amazon,AMD,rx6700xt,4
Amazon,AMD,rx6700xt,3
Amazon,AMD,rx6700xt,12
Amazon,AMD,rx6700xt,1
Amazon,AMD,rx6700xt,3
Amazon,AMD,rx6700xt,24
Amazon,AMD,rx6700xt,1
Amazon,AMD,rx6700xt,1
Amazon,AMD,rx6700xt,3
Amazon,AMD,rx6700xt,1
Amazon,AMD,rx6700xt,1
Amazon,AMD,rx6700xt,1
Amazon,AMD,rx6700xt,27
Amazon,AMD,rx6700xt,27
Amazon,AMD,rx6700xt,27
Amazon,AMD,rx6700xt,24
Amazon,AMD,rx6700xt,3
Amazon,AMD,rx6700xt,24
Amazon,AMD,rx6700xt,1
Amazon,AMD,rx6700xt,1
Amazon,AMD,rx6700xt,1
Amazon,AMD,rx6700xt,1
Amazon,AMD,rx6700xt,24
Amazon,AMD,rx6700xt,3
Amazon,AMD,rx6700xt,27
Amazon,AMD,rx6700xt,1
Amazon,AMD,rx6700xt,2
Amazon,AMD,rx6700xt,2
Amazon,AMD,rx6700xt,12
Amazon,AMD,rx6700xt,2
Amazon,AMD,rx6700xt,4
Amazon,AMD,rx6700xt,2
Amazon,AMD,rx6700xt,5
Amazon,AMD,rx6700xt,2
Amazon,AMD,rx6700xt,4
Amazon,AMD,rx6700xt,1
Amazon,AMD,rx6700xt,28
Amazon,AMD,rx6700xt,4
Amazon,AMD,rx6700xt,12
Amazon,AMD,rx6700xt,8
Amazon,AMD,rx6700xt,9
Amazon,AMD,rx6700xt,2
Amazon,AMD,rx6700xt,3
Amazon,AMD,rx6700xt,28
Amazon,AMD,rx6700xt,28
Amazon,AMD,rx6700xt,28
Amazon,AMD,rx6700xt,28
Amazon,AMD,rx6700xt,118
Amazon,AMD,rx6700xt,12
Amazon,AMD,rx6700xt,28
SamsClub,AMD,rx6700xt,1209
Amazon,AMD,rx6700xt,4
Amazon,AMD,rx6700xt,4
Amazon,AMD,rx6700xt,1
Amazon,AMD,rx6700xt,29
Amazon,AMD,rx6700xt,4
Amazon,AMD,rx6700xt,51
Amazon,AMD,rx6700xt,2
Amazon,AMD,rx6700xt,3
Amazon,AMD,rx6700xt,14
Amazon,AMD,rx6700xt,3
Amazon,AMD,rx6700xt,2
Amazon,AMD,rx6700xt,1
Amazon,AMD,rx6700xt,3
Amazon,AMD,rx6700xt,2
SamsClub,AMD,rx6700xt,32
Amazon,AMD,rx6700xt,1
Amazon,AMD,rx6700xt,1
Amazon,AMD,rx6700xt,2
Amazon,AMD,rx6700xt,1
Amazon,AMD,rx6700xt,1
Amazon,AMD,rx6700xt,1
Amazon,AMD,rx6700xt,1
Amazon,AMD,rx6700xt,3
Amazon,AMD,rx6700xt,1
Amazon,AMD,rx6700xt,1
Amazon,AMD,rx6700xt,2
Amazon,AMD,rx6700xt,1
Amazon,AMD,rx6700xt,4
Amazon,AMD,rx6700xt,2
Amazon,AMD,rx6700xt,1
Amazon,AMD,rx6700xt,1
Amazon,AMD,rx6700xt,1
Amazon,AMD,rx6700xt,1
Amazon,AMD,rx6700xt,1
Amazon,AMD,rx6700xt,1
Amazon,AMD,rx6700xt,2
Amazon,AMD,rx6700xt,2
Amazon,AMD,rx6700xt,1
Amazon,AMD,rx6700xt,1
Amazon,AMD,rx6700xt,2
Amazon,AMD,rx6700xt,2
Amazon,AMD,rx6700xt,2
Amazon,AMD,rx6700xt,1
Amazon,AMD,rx6700xt,1
Amazon,AMD,rx6700xt,2
Amazon,AMD,rx6700xt,1
Amazon,AMD,rx6700xt,12
Amazon,AMD,rx6700xt,1
Amazon,AMD,rx6700xt,1
Amazon,AMD,rx6700xt,4
Amazon,AMD,rx6700xt,4
Amazon,AMD,rx6700xt,1
Amazon,AMD,rx6700xt,1
Amazon,AMD,rx6700xt,1
Amazon,AMD,rx6700xt,1
Amazon,AMD,rx6700xt,1
Amazon,AMD,rx6700xt,7
BestBuy,AMD,rx6700xt,36
Amazon,AMD,rx6700xt,31
Amazon,AMD,rx6700xt,113
Amazon,AMD,rx6700xt,75
Amazon,AMD,rx6700xt,27
Amazon,AMD,rx6700xt,49
Amazon,AMD,rx6700xt,7
Amazon,AMD,rx6700xt,1
Amazon,AMD,rx6700xt,259
Amazon,AMD,rx6700xt,42
Amazon,AMD,rx6700xt,2464
Amazon,AMD,rx6700xt,9
Amazon,AMD,rx6700xt,1
Amazon,AMD,rx6700xt,17
Amazon,AMD,rx6700xt,160
Amazon,AMD,rx6700xt,3475
Amazon,AMD,rx6700xt,7
Amazon,AMD,rx6700xt,4
Amazon,AMD,rx6700xt,4
Amazon,AMD,rx6700xt,67
Amazon,AMD,rx6700xt,50
Amazon,AMD,rx6700xt,2
Amazon,AMD,rx6700xt,189
Amazon,AMD,rx6700xt,42
Amazon,AMD,rx6700xt,22
Amazon,AMD,rx6700xt,311
Amazon,AMD,rx6700xt,12
Amazon,AMD,rx6700xt,9
Amazon,AMD,rx6700xt,149
Amazon,AMD,rx6700xt,2
Amazon,AMD,rx6700xt,7
Amazon,AMD,rx6700xt,6820
Amazon,AMD,rx6700xt,6820
Amazon,AMD,rx6700xt,9
Amazon,AMD,rx6700xt,1
Amazon,AMD,rx6700xt,35
Amazon,AMD,rx6700xt,79
Amazon,AMD,rx6700xt,3
Amazon,AMD,rx6700xt,1
Amazon,AMD,rx6700xt,534
Amazon,AMD,rx6700xt,14
Amazon,AMD,rx6700xt,95
Amazon,AMD,rx6700xt,534
Amazon,AMD,rx6700xt,187
Amazon,AMD,rx6700xt,2
Amazon,AMD,rx6700xt,97
Amazon,AMD,rx6700xt,1
Amazon,AMD,rx6700xt,23
Amazon,AMD,rx6700xt,62
Amazon,AMD,rx6700xt,60
Amazon,AMD,rx6700xt,48
Amazon,AMD,rx6700xt,67
Amazon,AMD,rx6700xt,15
Amazon,AMD,rx6700xt,15
Amazon,AMD,rx6700xt,20
Amazon,AMD,rx6700xt,1
Amazon,AMD,rx6700xt,1
Amazon,AMD,rx6700xt,48
Amazon,AMD,rx6700xt,1
Amazon,AMD,rx6700xt,7
Amazon,AMD,rx6700xt,27
Amazon,AMD,rx6700xt,67
Amazon,AMD,rx6700xt,24
Amazon,AMD,rx6700xt,87
Amazon,AMD,rx6700xt,9
Amazon,AMD,rx6700xt,10
Amazon,AMD,rx6700xt,95
Amazon,AMD,rx6700xt,7
Amazon,AMD,rx6700xt,222
Amazon,AMD,rx6700xt,35
Amazon,AMD,rx6700xt,12
Amazon,AMD,rx6700xt,4
Amazon,AMD,rx6700xt,1
Amazon,AMD,rx6700xt,20
Amazon,AMD,rx6700xt,11
Amazon,AMD,rx6700xt,127
Amazon,AMD,rx6700xt,14
Amazon,AMD,rx6700xt,11
Amazon,AMD,rx6700xt,16
Amazon,AMD,rx6700xt,20
Amazon,AMD,rx6700xt,1
Amazon,AMD,rx6700xt,4
Amazon,AMD,rx6700xt,121
Amazon,AMD,rx6700xt,1
Amazon,AMD,rx6700xt,1
Amazon,AMD,rx6700xt,1
Amazon,AMD,rx6700xt,82
Amazon,AMD,rx6700xt,12
Amazon,AMD,rx6700xt,2
Amazon,AMD,rx6700xt,2
Amazon,AMD,rx6700xt,19
Amazon,AMD,rx6700xt,10
Amazon,AMD,rx6700xt,27
Amazon,AMD,rx6700xt,1
Amazon,AMD,rx6700xt,14
Amazon,AMD,rx6700xt,14
Amazon,AMD,rx6700xt,7
Amazon,AMD,rx6700xt,7
Amazon,AMD,rx6700xt,7
Amazon,AMD,rx6700xt,1
Amazon,AMD,rx6700xt,9
Amazon,AMD,rx6700xt,1
Amazon,AMD,rx6700xt,1
Amazon,AMD,rx6700xt,7
Amazon,AMD,rx6700xt,7
Amazon,AMD,rx6700xt,12
Amazon,AMD,rx6700xt,3
Amazon,AMD,rx6700xt,1
Amazon,AMD,rx6700xt,1
Amazon,AMD,rx6700xt,1
Amazon,AMD,rx6700xt,2
Amazon,AMD,rx6700xt,1
Amazon,AMD,rx6700xt,1
Amazon,AMD,rx6700xt,2
Amazon,AMD,rx6700xt,1
Amazon,AMD,rx6700xt,4
Amazon,AMD,rx6700xt,1
Amazon,AMD,rx6700xt,1
Amazon,AMD,rx6700xt,1
Amazon,AMD,rx6700xt,4898
Amazon,AMD,rx6700xt,8
Amazon,AMD,rx6700xt,1
Amazon,AMD,rx6700xt,1
Amazon,AMD,rx6700xt,1
Amazon,AMD,rx6700xt,1
Amazon,AMD,rx6700xt,5
Amazon,AMD,rx6700xt,1
Amazon,AMD,rx6700xt,1
Amazon,AMD,rx6700xt,101
Amazon,AMD,rx6700xt,7
Amazon,AMD,rx6700xt,9
Amazon,AMD,rx6700xt,7
Amazon,AMD,rx6700xt,1
Amazon,AMD,rx6700xt,6
Amazon,AMD,rx6700xt,1
Amazon,AMD,rx6700xt,1
Amazon,AMD,rx6700xt,1
Amazon,AMD,rx6700xt,1
Amazon,AMD,rx6700xt,1
Amazon,AMD,rx6700xt,7861
Amazon,AMD,rx6700xt,19441
Amazon,AMD,rx6700xt,2415
Amazon,AMD,rx6700xt,124
Amazon,AMD,rx6700xt,5
Amazon,AMD,rx6700xt,7
Amazon,AMD,rx6700xt,161
Amazon,AMD,rx6700xt,1
Amazon,AMD,rx6700xt,4
Amazon,AMD,rx6700xt,32
Amazon,AMD,rx6700xt,1
Amazon,AMD,rx6700xt,21
Amazon,AMD,rx6700xt,1
Amazon,AMD,rx6700xt,13
Amazon,AMD,rx6700xt,7
Amazon,AMD,rx6700xt,1
Amazon,AMD,rx6700xt,1
Amazon,AMD,rx6700xt,1
Amazon,AMD,rx6700xt,1
Amazon,AMD,rx6700xt,8
Amazon,AMD,rx6700xt,33466
Amazon,AMD,rx6700xt,13987
Amazon,AMD,rx6700xt,1
Amazon,AMD,rx6700xt,5728
Amazon,AMD,rx6700xt,342
Amazon,AMD,rx6700xt,7337
Amazon,AMD,rx6700xt,24
Amazon,AMD,rx6700xt,7
Amazon,AMD,rx6700xt,1
Amazon,AMD,rx6700xt,25602
Amazon,AMD,rx6700xt,2
Amazon,AMD,rx6700xt,12211
Amazon,AMD,rx6700xt,4
Amazon,AMD,rx6700xt,3
Amazon,AMD,rx6700xt,4
Amazon,AMD,rx6700xt,9
Amazon,AMD,rx6700xt,3
Amazon,AMD,rx6700xt,1063
Amazon,AMD,rx6700xt,209
Amazon,AMD,rx6700xt,8
Amazon,AMD,rx6700xt,1
Amazon,AMD,rx6700xt,1
Amazon,AMD,rx6700xt,8
Amazon,AMD,rx6700xt,2
Amazon,AMD,rx6700xt,2
Amazon,AMD,rx6700xt,7
Amazon,AMD,rx6700xt,3
Amazon,AMD,rx6700xt,4
Amazon,AMD,rx6700xt,2
Amazon,AMD,rx6700xt,2
Amazon,AMD,rx6700xt,1
Amazon,AMD,rx6700xt,1
Amazon,AMD,rx6700xt,5
Amazon,AMD,rx6700xt,9
Amazon,AMD,rx6700xt,1
Amazon,AMD,rx6700xt,1
Amazon,AMD,rx6700xt,1
Amazon,AMD,rx6700xt,3
Amazon,AMD,rx6700xt,3
Amazon,AMD,rx6700xt,1
Amazon,AMD,rx6700xt,1
Amazon,AMD,rx6700xt,4
Amazon,AMD,rx6700xt,1
Amazon,AMD,rx6700xt,2
Amazon,AMD,rx6700xt,2
Amazon,AMD,rx6700xt,1
Amazon,AMD,rx6700xt,1
Amazon,AMD,rx6700xt,3
Amazon,AMD,rx6700xt,1
Amazon,AMD,rx6700xt,1
Amazon,AMD,rx6700xt,1
Amazon,AMD,rx6700xt,1
Amazon,AMD,rx6700xt,1
Amazon,AMD,rx6700xt,1
Amazon,AMD,rx6700xt,1
Amazon,AMD,rx6700xt,1
Amazon,AMD,rx6700xt,1
Amazon,AMD,rx6700xt,4
Amazon,AMD,rx6700xt,1
Amazon,AMD,rx6700xt,1
Amazon,AMD,rx6700xt,2
Amazon,AMD,rx6700xt,1
Amazon,AMD,rx6700xt,1
Amazon,AMD,rx6700xt,1
Amazon,AMD,rx6700xt,1
Amazon,AMD,rx6700xt,1
Amazon,AMD,rx6700xt,1
Amazon,AMD,rx6700xt,1
Amazon,AMD,rx6700xt,1
Amazon,AMD,rx6700xt,1
Amazon,AMD,rx6700xt,2
Amazon,AMD,rx6700xt,173
Amazon,AMD,rx6700xt,3
Amazon,AMD,rx6700xt,1
Amazon,AMD,rx6700xt,2
Amazon,AMD,rx6700xt,1
Amazon,AMD,rx6700xt,2
Amazon,AMD,rx6700xt,1
Amazon,AMD,rx6700xt,7
Amazon,AMD,rx6700xt,1
Amazon,AMD,rx6700xt,3
Amazon,AMD,rx6700xt,1
Amazon,AMD,rx6700xt,1
Amazon,AMD,rx6700xt,1
Amazon,AMD,rx6700xt,1
Amazon,AMD,rx6700xt,1320
Amazon,AMD,rx6700xt,20
Amazon,AMD,rx6700xt,8
Amazon,AMD,rx6700xt,40
Amazon,AMD,rx6700xt,96
Amazon,AMD,rx6700xt,84
Amazon,AMD,rx6700xt,152
Amazon,AMD,rx6700xt,40
Amazon,AMD,rx6700xt,8
Amazon,AMD,rx6700xt,16
Amazon,AMD,rx6700xt,60
Amazon,AMD,rx6700xt,36
Amazon,AMD,rx6700xt,12
Amazon,AMD,rx6700xt,1
Amazon,AMD,rx6700xt,1
Amazon,AMD,rx6700xt,1
Amazon,AMD,rx6700xt,6820
Amazon,AMD,rx6700xt,6820
Amazon,AMD,rx6700xt,6820
Amazon,AMD,rx6700xt,6820
Amazon,AMD,rx6700xt,6820
Amazon,AMD,rx6700xt,6820
Amazon,AMD,rx6700xt,28
Amazon,AMD,rx6700xt,1
Amazon,AMD,rx6700xt,1
Amazon,AMD,rx6700xt,1
Amazon,AMD,rx6700xt,24
Amazon,AMD,rx6700xt,16
Amazon,AMD,rx6700xt,1
Amazon,AMD,rx6700xt,276
Amazon,AMD,rx6700xt,8
Amazon,AMD,rx6700xt,1
Amazon,AMD,rx6700xt,28
Amazon,AMD,rx6700xt,60
Amazon,AMD,rx6700xt,8
Amazon,AMD,rx6700xt,1
Amazon,AMD,rx6700xt,1
Amazon,AMD,rx6700xt,164
Amazon,AMD,rx6700xt,8
Amazon,AMD,rx6700xt,8
Amazon,AMD,rx6700xt,1
Amazon,AMD,rx6700xt,1
Amazon,AMD,rx6700xt,16
Amazon,AMD,rx6700xt,3320
Amazon,AMD,rx6700xt,352
Amazon,AMD,rx6700xt,2320
Amazon,AMD,rx6700xt,1
Amazon,AMD,rx6700xt,36
Amazon,AMD,rx6700xt,8
Amazon,AMD,rx6700xt,60
Amazon,AMD,rx6700xt,1
Amazon,AMD,rx6700xt,112
Amazon,AMD,rx6700xt,1
Amazon,AMD,rx6700xt,1
Amazon,AMD,rx6700xt,8
Amazon,AMD,rx6700xt,1
Amazon,AMD,rx6700xt,1
Amazon,AMD,rx6700xt,180
Amazon,AMD,rx6700xt,1
Amazon,AMD,rx6700xt,1
Amazon,AMD,rx6700xt,1
Amazon,AMD,rx6700xt,21484
Amazon,AMD,rx6700xt,1
Amazon,AMD,rx6700xt,1036
Amazon,AMD,rx6700xt,20
Amazon,AMD,rx6700xt,20700
Amazon,AMD,rx6700xt,8
Amazon,AMD,rx6700xt,1
Amazon,AMD,rx6700xt,29000
Amazon,AMD,rx6700xt,1
Amazon,AMD,rx6700xt,6232
Amazon,AMD,rx6700xt,4
Amazon,AMD,rx6700xt,1
Amazon,AMD,rx6700xt,1
Amazon,AMD,rx6700xt,3316
Amazon,AMD,rx6700xt,392
Amazon,AMD,rx6700xt,92
Amazon,AMD,rx6700xt,24
Amazon,AMD,rx6700xt,180
Amazon,AMD,rx6700xt,208
Amazon,AMD,rx6700xt,104
Amazon,AMD,rx6700xt,700
Amazon,AMD,rx6700xt,1
Amazon,AMD,rx6700xt,60
Amazon,AMD,rx6700xt,20
Amazon,AMD,rx6700xt,20
Amazon,AMD,rx6700xt,1604
Amazon,AMD,rx6700xt,412
Amazon,AMD,rx6700xt,1
Amazon,AMD,rx6700xt,1804
Amazon,AMD,rx6700xt,4
Amazon,AMD,rx6700xt,52
Amazon,AMD,rx6700xt,32
Amazon,AMD,rx6700xt,136
Amazon,AMD,rx6700xt,48
Amazon,AMD,rx6700xt,24
Amazon,AMD,rx6700xt,488
Amazon,AMD,rx6700xt,272
Amazon,AMD,rx6700xt,1
Amazon,AMD,rx6700xt,1
Amazon,AMD,rx6700xt,3684
Amazon,AMD,rx6700xt,1
Amazon,AMD,rx6700xt,1
Amazon,AMD,rx6700xt,4
Amazon,AMD,rx6700xt,516
Amazon,AMD,rx6700xt,1
Amazon,AMD,rx6700xt,552
Amazon,AMD,rx6700xt,1
Amazon,AMD,rx6700xt,1
Amazon,AMD,rx6700xt,240
Amazon,AMD,rx6700xt,8
Amazon,AMD,rx6700xt,8
Amazon,AMD,rx6700xt,16
Amazon,AMD,rx6700xt,6920
Amazon,AMD,rx6700xt,120
Amazon,AMD,rx6700xt,900
Amazon,AMD,rx6700xt,1
Amazon,AMD,rx6700xt,1
Amazon,AMD,rx6700xt,592
Amazon,AMD,rx6700xt,1
Amazon,AMD,rx6700xt,8
Amazon,AMD,rx6700xt,1
Amazon,AMD,rx6700xt,28
Amazon,AMD,rx6700xt,336
Amazon,AMD,rx6700xt,8
Amazon,AMD,rx6800xt,712
Amazon,AMD,rx6800xt,40
Amazon,AMD,rx6800xt,4
Amazon,AMD,rx6800xt,548
Amazon,AMD,rx6800xt,500
Amazon,AMD,rx6800xt,1
Amazon,AMD,rx6800xt,88
Amazon,AMD,rx6800xt,64
Amazon,AMD,rx6800xt,4
Amazon,AMD,rx6800xt,580
Amazon,AMD,rx6800xt,88
Amazon,AMD,rx6800xt,12
Amazon,AMD,rx6800xt,1
Amazon,AMD,rx6800xt,5008
Amazon,AMD,rx6800xt,40
Amazon,AMD,rx6800xt,28
Amazon,AMD,rx6800xt,344
Amazon,AMD,rx6800xt,1069
Amazon,AMD,rx6800xt,1
Amazon,AMD,rx6800xt,336
Amazon,AMD,rx6800xt,1
Amazon,AMD,rx6800xt,4
Amazon,AMD,rx6800xt,1188
Amazon,AMD,rx6800xt,4
Amazon,AMD,rx6800xt,1
Amazon,AMD,rx6800xt,1
Amazon,AMD,rx6800xt,4
Amazon,AMD,rx6800xt,1
Amazon,AMD,rx6800xt,1
Amazon,AMD,rx6800xt,1
Amazon,AMD,rx6800xt,1
Amazon,AMD,rx6800xt,18824
Amazon,AMD,rx6800xt,4
Amazon,AMD,rx6800xt,280
Amazon,AMD,rx6800xt,656
Amazon,AMD,rx6800xt,852
Amazon,AMD,rx6800xt,1584
Amazon,AMD,rx6800xt,2820
Amazon,AMD,rx6800xt,476
Amazon,AMD,rx6800xt,1
Amazon,AMD,rx6800xt,1896
Amazon,AMD,rx6800xt,1
Amazon,AMD,rx6800xt,24
Amazon,AMD,rx6800xt,4
Amazon,AMD,rx6800xt,4
Amazon,AMD,rx6800xt,8
Amazon,AMD,rx6800xt,72
Amazon,AMD,rx6800xt,100
Amazon,AMD,rx6800xt,308
Amazon,AMD,rx6800xt,172
Amazon,AMD,rx6800xt,1
Amazon,AMD,rx6800xt,60
Amazon,AMD,rx6800xt,8
Amazon,AMD,rx6800xt,8
Amazon,AMD,rx6800xt,8
Amazon,AMD,rx6800xt,216
Amazon,AMD,rx6800xt,4
Amazon,AMD,rx6800xt,4
Amazon,AMD,rx6800xt,1
Amazon,AMD,rx6800xt,1
Amazon,AMD,rx6800xt,4
Amazon,AMD,rx6800xt,1
Amazon,AMD,rx6800xt,1
Amazon,AMD,rx6800xt,1
Amazon,AMD,rx6800xt,1
Amazon,AMD,rx6800xt,1
Amazon,AMD,rx6800xt,4
Amazon,AMD,rx6800xt,1
Amazon,AMD,rx6800xt,4
Amazon,AMD,rx6800xt,1
Amazon,AMD,rx6800xt,1
Amazon,AMD,rx6800xt,4
Amazon,AMD,rx6800xt,1
Amazon,AMD,rx6800xt,4
Amazon,AMD,rx6800xt,1
Amazon,AMD,rx6800xt,4
Amazon,AMD,rx6800xt,4
Amazon,AMD,rx6800xt,1
Amazon,AMD,rx6800xt,28
Amazon,AMD,rx6800xt,4
Amazon,AMD,rx6800xt,1
Amazon,AMD,rx6800xt,4
Amazon,AMD,rx6800xt,4
Amazon,AMD,rx6800xt,4
Amazon,AMD,rx6800xt,1
Amazon,AMD,rx6800xt,4
Amazon,AMD,rx6800xt,8
Amazon,AMD,rx6800xt,8
Amazon,AMD,rx6800xt,1
Amazon,AMD,rx6800xt,1
Amazon,AMD,rx6800xt,1
Amazon,AMD,rx6800xt,4
Amazon,AMD,rx6800xt,4
Amazon,AMD,rx6800xt,1
Amazon,AMD,rx6800xt,28
Amazon,AMD,rx6800xt,28
Amazon,AMD,rx6800xt,212
Amazon,AMD,rx6800xt,52
Amazon,AMD,rx6800xt,1
Amazon,AMD,rx6800xt,32
Amazon,AMD,rx6800xt,8
Amazon,AMD,rx6800xt,1
Amazon,AMD,rx6800xt,1
Amazon,AMD,rx6800xt,1
Amazon,AMD,rx6800xt,28
Amazon,AMD,rx6800xt,1404
Amazon CA,AMD,rx6800xt,1913
Amazon,AMD,rx6800xt,1
Amazon,AMD,rx6800xt,1
Amazon,AMD,rx6800xt,24
Amazon,AMD,rx6800xt,1
Amazon,AMD,rx6800xt,1
Amazon,AMD,rx6800xt,1
Amazon,AMD,rx6800xt,1
Amazon,AMD,rx6800xt,1
Amazon,AMD,rx6800xt,8
Amazon,AMD,rx6800xt,24
Amazon,AMD,rx6800xt,1
Amazon,AMD,rx6800xt,1
Amazon,AMD,rx6800xt,1
Amazon,AMD,rx6800xt,3
Amazon,AMD,rx6800xt,4
Amazon,AMD,rx6800xt,3
Amazon,AMD,rx6800xt,12
Amazon,AMD,rx6800xt,1
Amazon,AMD,rx6800xt,3
Amazon,AMD,rx6800xt,24
Amazon,AMD,rx6800xt,1
Amazon,AMD,rx6800xt,1
Amazon,AMD,rx6800xt,3
Amazon,AMD,rx6800xt,1
Amazon,AMD,rx6800xt,1
Amazon,AMD,rx6800xt,1
Amazon,AMD,rx6800xt,27
Amazon,AMD,rx6800xt,27
Amazon,AMD,rx6800xt,27
Amazon,AMD,rx6800xt,24
Amazon,AMD,rx6800xt,3
Amazon,AMD,rx6800xt,24
Amazon,AMD,rx6800xt,1
Amazon,AMD,rx6800xt,1
Amazon,AMD,rx6800xt,1
Amazon,AMD,rx6800xt,1
Amazon,AMD,rx6800xt,24
Amazon,AMD,rx6800xt,3
Amazon,AMD,rx6800xt,27
Amazon,AMD,rx6800xt,1
Amazon,AMD,rx6800xt,2
Amazon,AMD,rx6800xt,2
Amazon,AMD,rx6800xt,12
Amazon,AMD,rx6800xt,2
Amazon,AMD,rx6800xt,4
Amazon,AMD,rx6800xt,2
Amazon,AMD,rx6800xt,5
Amazon,AMD,rx6800xt,2
Amazon,AMD,rx6800xt,4
Amazon,AMD,rx6800xt,1
Amazon,AMD,rx6800xt,28
Amazon,AMD,rx6800xt,4
Amazon,AMD,rx6800xt,12
Amazon,AMD,rx6800xt,8
Amazon,AMD,rx6800xt,9
Amazon,AMD,rx6800xt,2
Amazon,AMD,rx6800xt,3
Amazon,AMD,rx6800xt,28
Amazon,AMD,rx6800xt,28
Amazon,AMD,rx6800xt,28
Amazon,AMD,rx6800xt,28
Amazon,AMD,rx6800xt,118
Amazon,AMD,rx6800xt,12
Amazon,AMD,rx6800xt,28
SamsClub,AMD,rx6800xt,1209
Amazon,AMD,rx6800xt,4
Amazon,AMD,rx6800xt,4
Amazon,AMD,rx6800xt,1
Amazon,AMD,rx6800xt,29
Amazon,AMD,rx6800xt,4
Amazon,AMD,rx6800xt,51
Amazon,AMD,rx6800xt,2
Amazon,AMD,rx6800xt,3
Amazon,AMD,rx6800xt,14
Amazon,AMD,rx6800xt,3
Amazon,AMD,rx6800xt,2
Amazon,AMD,rx6800xt,1
Amazon,AMD,rx6800xt,3
Amazon,AMD,rx6800xt,2
SamsClub,AMD,rx6800xt,32
Amazon,AMD,rx6800xt,1
Amazon,AMD,rx6800xt,1
Amazon,AMD,rx6800xt,2
Amazon,AMD,rx6800xt,1
Amazon,AMD,rx6800xt,1
Amazon,AMD,rx6800xt,1
Amazon,AMD,rx6800xt,1
Amazon,AMD,rx6800xt,3
Amazon,AMD,rx6800xt,1
Amazon,AMD,rx6800xt,1
Amazon,AMD,rx6800xt,2
Amazon,AMD,rx6800xt,1
Amazon,AMD,rx6800xt,4
Amazon,AMD,rx6800xt,2
Amazon,AMD,rx6800xt,1
Amazon,AMD,rx6800xt,1
Amazon,AMD,rx6800xt,1
Amazon,AMD,rx6800xt,1
Amazon,AMD,rx6800xt,1
Amazon,AMD,rx6800xt,1
Amazon,AMD,rx6800xt,2
Amazon,AMD,rx6800xt,2
Amazon,AMD,rx6800xt,1
Amazon,AMD,rx6800xt,1
Amazon,AMD,rx6800xt,2
Amazon,AMD,rx6800xt,2
Amazon,AMD,rx6800xt,2
Amazon,AMD,rx6800xt,1
Amazon,AMD,rx6800xt,1
Amazon,AMD,rx6800xt,2
Amazon,AMD,rx6800xt,1
Amazon,AMD,rx6800xt,12
Amazon,AMD,rx6800xt,1
Amazon,AMD,rx6800xt,1
Amazon,AMD,rx6800xt,4
Amazon,AMD,rx6800xt,4
Amazon,AMD,rx6800xt,1
Amazon,AMD,rx6800xt,1
Amazon,AMD,rx6800xt,1
Amazon,AMD,rx6800xt,1
Amazon,AMD,rx6800xt,1
Amazon,AMD,rx6800xt,7
BestBuy,AMD,rx6800xt,36
Amazon,AMD,rx6800xt,31
Amazon,AMD,rx6800xt,113
Amazon,AMD,rx6800xt,75
Amazon,AMD,rx6800xt,27
Amazon,AMD,rx6800xt,49
Amazon,AMD,rx6800xt,7
Amazon,AMD,rx6800xt,1
Amazon,AMD,rx6800xt,259
Amazon,AMD,rx6800xt,42
Amazon,AMD,rx6800xt,2464
Amazon,AMD,rx6800xt,9
Amazon,AMD,rx6800xt,1
Amazon,AMD,rx6800xt,17
Amazon,AMD,rx6800xt,160
Amazon,AMD,rx6800xt,3475
Amazon,AMD,rx6800xt,7
Amazon,AMD,rx6800xt,4
Amazon,AMD,rx6800xt,4
Amazon,AMD,rx6800xt,67
Amazon,AMD,rx6800xt,50
Amazon,AMD,rx6800xt,2
Amazon,AMD,rx6800xt,189
Amazon,AMD,rx6800xt,42
Amazon,AMD,rx6800xt,22
Amazon,AMD,rx6800xt,311
Amazon,AMD,rx6800xt,12
Amazon,AMD,rx6900xt,712
Amazon,AMD,rx6900xt,40
Amazon,AMD,rx6900xt,4
Amazon,AMD,rx6900xt,548
Amazon,AMD,rx6900xt,500
Amazon,AMD,rx6900xt,1
Amazon,AMD,rx6900xt,88
Amazon,AMD,rx6900xt,64
Amazon,AMD,rx6900xt,4
Amazon,AMD,rx6900xt,580
Amazon,AMD,rx6900xt,88
Amazon,AMD,rx6900xt,12
Amazon,AMD,rx6900xt,1
Amazon,AMD,rx6900xt,5008
Amazon,AMD,rx6900xt,40
Amazon,AMD,rx6900xt,28
Amazon,AMD,rx6900xt,344
Amazon,AMD,rx6900xt,1069
Amazon,AMD,rx6900xt,1
Amazon,AMD,rx6900xt,336
Amazon,AMD,rx6900xt,1
Amazon,AMD,rx6900xt,4
Amazon,AMD,rx6900xt,1188
Amazon,AMD,rx6900xt,4
Amazon,AMD,rx6900xt,1
Amazon,AMD,rx6900xt,1
Amazon,AMD,rx6900xt,4
Amazon,AMD,rx6900xt,1
Amazon,AMD,rx6900xt,1
Amazon,AMD,rx6900xt,1
Amazon,AMD,rx6900xt,1
Amazon,AMD,rx6900xt,18824
Amazon,AMD,rx6900xt,4
Amazon,AMD,rx6900xt,280
Amazon,AMD,rx6900xt,656
Amazon,AMD,rx6900xt,852
Amazon,AMD,rx6900xt,1584
Amazon,AMD,rx6900xt,2820
Amazon,AMD,rx6900xt,476
Amazon,AMD,rx6900xt,1
Amazon,AMD,rx6900xt,1896
Amazon,AMD,rx6900xt,1
Amazon,AMD,rx6900xt,24
Amazon,AMD,rx6900xt,4
Amazon,AMD,rx6900xt,4
Amazon,AMD,rx6900xt,8
Amazon,AMD,rx6900xt,72
Amazon,AMD,rx6900xt,100
Amazon,AMD,rx6900xt,308
Amazon,AMD,rx6900xt,172
Amazon,AMD,rx6900xt,1
Amazon,AMD,rx6900xt,60
Amazon,AMD,rx6900xt,8
Amazon,AMD,rx6900xt,8
Amazon,AMD,rx6900xt,8
Amazon,AMD,rx6900xt,216
Amazon,AMD,rx6900xt,4
Amazon,AMD,rx6900xt,4
Amazon,AMD,rx6900xt,1
Amazon,AMD,rx6900xt,1
Amazon,AMD,rx6900xt,4
Amazon,AMD,rx6900xt,1
Amazon,AMD,rx6900xt,1
Amazon,AMD,rx6900xt,1
Amazon,AMD,rx6900xt,1
Amazon,AMD,rx6900xt,1
Amazon,AMD,rx6900xt,4
Amazon,AMD,rx6900xt,1
Amazon,AMD,rx6900xt,4
Amazon,AMD,rx6900xt,1
Amazon,AMD,rx6900xt,1
Amazon,AMD,rx6900xt,4
Amazon,AMD,rx6900xt,1
Amazon,AMD,rx6900xt,4
Amazon,AMD,rx6900xt,1
Amazon,AMD,rx6900xt,4
Amazon,AMD,rx6900xt,4
Amazon,AMD,rx6900xt,1
Amazon,AMD,rx6900xt,28
Amazon,AMD,rx6900xt,4
Amazon,AMD,rx6900xt,1
Amazon,AMD,rx6900xt,4
Amazon,AMD,rx6900xt,4
Amazon,AMD,rx6900xt,4
Amazon,AMD,rx6900xt,1
Amazon,AMD,rx6900xt,4
Amazon,AMD,rx6900xt,8
Amazon,AMD,rx6900xt,8
Amazon,AMD,rx6900xt,1
Amazon,AMD,rx6900xt,1
Amazon,AMD,rx6900xt,1
Amazon,AMD,rx6900xt,4
Amazon,AMD,rx6900xt,4
Amazon,AMD,rx6900xt,1
Amazon,AMD,rx6900xt,28
Amazon,AMD,rx6900xt,28
Amazon,AMD,rx6900xt,212
Amazon,AMD,rx6900xt,52
Amazon,AMD,rx6900xt,1
Amazon,AMD,rx6900xt,32
Amazon,AMD,rx6900xt,8
Amazon,AMD,rx6900xt,1
Amazon,AMD,rx6900xt,1
Amazon,AMD,rx6900xt,1
Amazon,AMD,rx6900xt,28
Amazon,AMD,rx6900xt,1404
Amazon CA,AMD,rx6900xt,1913
Amazon,AMD,rx6900xt,1
Amazon,AMD,rx6900xt,1
Amazon,AMD,rx6900xt,24
Amazon,AMD,rx6900xt,1
Amazon,AMD,rx6900xt,1
Amazon,AMD,rx6900xt,1
Amazon,AMD,rx6900xt,1
Amazon,AMD,rx6900xt,1
Amazon,AMD,rx6900xt,8
Amazon,AMD,rx6900xt,24
Amazon,AMD,rx6900xt,1
Amazon,AMD,rx6900xt,1
Amazon,AMD,rx6900xt,1
Amazon,AMD,rx6900xt,3
Amazon,AMD,rx6900xt,4
Amazon,AMD,rx6900xt,3
Amazon,AMD,rx6900xt,12
Amazon,AMD,rx6900xt,1
Amazon,AMD,rx6900xt,3
Amazon,AMD,rx6900xt,24
Amazon,AMD,rx6900xt,1
Amazon,AMD,rx6900xt,1
Amazon,AMD,rx6900xt,3
Amazon,AMD,rx6900xt,1
Amazon,AMD,rx6900xt,1
Amazon,AMD,rx6900xt,1
Amazon,AMD,rx6900xt,27
Amazon,AMD,rx6900xt,27
Amazon,AMD,rx6900xt,27
Amazon,AMD,rx6900xt,24
Amazon,AMD,rx6900xt,3
Amazon,AMD,rx6900xt,24
Amazon,AMD,rx6900xt,1
Amazon,AMD,rx6900xt,1
Amazon,AMD,rx6900xt,1
Amazon,AMD,rx6900xt,1
Amazon,AMD,rx6900xt,24
Amazon,AMD,rx6900xt,3
Amazon,AMD,rx6900xt,27
Amazon,AMD,rx6900xt,1
Amazon,AMD,rx6900xt,2
Amazon,AMD,rx6900xt,2
Amazon,AMD,rx6900xt,12
Amazon,AMD,rx6900xt,2
Amazon,AMD,rx6900xt,4
Amazon,AMD,rx6900xt,2
Amazon,AMD,rx6900xt,5
Amazon,AMD,rx6900xt,2
Amazon,AMD,rx6900xt,4
Amazon,AMD,rx6900xt,1
Amazon,AMD,rx6900xt,28
Amazon,AMD,rx6900xt,4
Amazon,AMD,rx6900xt,12
Amazon,AMD,rx6900xt,8
Amazon,AMD,rx6900xt,9
Amazon,AMD,rx6900xt,2
Amazon,AMD,rx6900xt,3
Amazon,AMD,rx6900xt,28
Amazon,AMD,rx6900xt,28
Amazon,AMD,rx6900xt,28
Amazon,AMD,rx6900xt,28
Amazon,AMD,rx6900xt,118
Amazon,AMD,rx6900xt,12
Amazon,AMD,rx6900xt,28
SamsClub,AMD,rx6900xt,1209
Amazon,AMD,rx6900xt,4
Amazon,AMD,rx6900xt,4
Amazon,AMD,rx6900xt,1
Amazon,AMD,rx6900xt,29
Amazon,AMD,rx6900xt,4
Amazon,AMD,rx6900xt,51
Amazon,AMD,rx6900xt,2
Amazon,AMD,rx6900xt,3
Amazon,AMD,rx6900xt,14
Amazon,AMD,rx6900xt,3
Amazon,AMD,rx6900xt,2
Amazon,AMD,rx6900xt,1
Amazon,AMD,rx6900xt,3
Amazon,AMD,rx6900xt,2
SamsClub,AMD,rx6900xt,32
Amazon,AMD,rx6900xt,1
Amazon,AMD,rx6900xt,1
Amazon,AMD,rx6900xt,2
Amazon,AMD,rx6900xt,1
Amazon,AMD,rx6900xt,1
Amazon,AMD,rx6900xt,1
Amazon,AMD,rx6900xt,1
Amazon,AMD,rx6900xt,3
Amazon,AMD,rx6900xt,1
Amazon,AMD,rx6900xt,1
Amazon,AMD,rx6900xt,2
Amazon,AMD,rx6900xt,1
Amazon,AMD,rx6900xt,4
Amazon,AMD,rx6900xt,2
Amazon,AMD,rx6900xt,1
Amazon,AMD,rx6900xt,1
Amazon,AMD,rx6900xt,1
Amazon,AMD,rx6900xt,1
Amazon,AMD,rx6900xt,1
Amazon,AMD,rx6900xt,1
Amazon,AMD,rx6900xt,2
Amazon,AMD,rx6900xt,2
Amazon,AMD,rx6900xt,1
Amazon,AMD,rx6900xt,1
Amazon,AMD,rx6900xt,2
Amazon,AMD,rx6900xt,2
Amazon,AMD,rx6900xt,2
Amazon,AMD,rx6900xt,1
Amazon,AMD,rx6900xt,1
Amazon,AMD,rx6900xt,2
Amazon,AMD,rx6900xt,1
Amazon,AMD,rx6900xt,12
Amazon,AMD,rx6900xt,1
Amazon,AMD,rx6900xt,1
Amazon,AMD,rx6900xt,4
Amazon,AMD,rx6900xt,4
Amazon,AMD,rx6900xt,1
Amazon,AMD,rx6900xt,1
Amazon,AMD,rx6900xt,1
Amazon,AMD,rx6900xt,1
Amazon,AMD,rx6900xt,1
Amazon,AMD,rx6900xt,7
BestBuy,AMD,rx6900xt,36
Amazon,AMD,rx6900xt,31
Amazon,AMD,rx6900xt,113
Amazon,AMD,rx6900xt,75
Amazon,AMD,rx6900xt,27
Amazon,AMD,rx6900xt,49
Amazon,AMD,rx6900xt,7
Amazon,AMD,rx6900xt,1
Amazon,AMD,rx6900xt,259
Amazon,AMD,rx6900xt,42
Amazon,AMD,rx6900xt,2464
Amazon,AMD,rx6900xt,9
Amazon,AMD,rx6900xt,1
Amazon,AMD,rx6900xt,17
Amazon,AMD,rx6900xt,160
Amazon,AMD,rx6900xt,3475
Amazon,AMD,rx6900xt,7
Amazon,AMD,rx6900xt,4
Amazon,AMD,rx6900xt,4
